image_name,category,sub_category,article_type,color,season,usage,gender,pattern,fit,fabric
15970.jpg,TOP,SHIRT,Shirts,NAVY,Fall,Casual,Men,CHECK,SLIM,COTTON
19547.jpg,TOP,SWEATSHIRT,Sweatshirts,BLUE,Fall,Casual,Men,SOLID,OTHER,COTTON
10065.jpg,TOP,TSHIRT,Tshirts,YELLOW,Fall,Casual,Men,PRINT,REGULAR,Blended
22395.jpg,TOP,SHIRT,Shirts,BLUE,Fall,Casual,Men,STRIPE,SLIM,OTHER
7167.jpg,TOP,SHIRT,Shirts,PURPLE,Fall,Casual,Men,CHECK,SLIM,OTHER
7355.jpg,TOP,TSHIRT,Tshirts,NAVY,Fall,Casual,Men,PRINT,REGULAR,COTTON
2243.jpg,TOP,TSHIRT,Tshirts,WHITE,Fall,Sports,Men,OTHER,OTHER,OTHER
19540.jpg,TOP,KNIT,Sweaters,BLUE,Summer,Casual,Men,OTHER,OTHER,OTHER
38637.jpg,TOP,TSHIRT,Tshirts,RED,Summer,Casual,Men,PRINT,REGULAR,COTTON
9667.jpg,TOP,SHIRT,Shirts,PURPLE,Fall,Casual,Men,STRIPE,REGULAR,COTTON
9455.jpg,TOP,SHIRT,Shirts,RED,Fall,Formal,Men,STRIPE,REGULAR,POLYESTER
26369.jpg,TOP,SHIRT,Shirts,BLUE,Summer,Casual,Women,SOLID,REGULAR,OTHER
10439.jpg,TOP,TSHIRT,Tshirts,BROWN,Fall,Casual,Men,PRINT,REGULAR,COTTON
26958.jpg,TOP,SHIRT,Shirts,MULTI,Summer,Casual,Women,SOLID,REGULAR,COTTON
3706.jpg,TOP,TSHIRT,Tshirts,GRAY,Summer,Casual,Men,OTHER,OTHER,OTHER
6610.jpg,TOP,TSHIRT,Tshirts,WHITE,Summer,Casual,Men,OTHER,REGULAR,COTTON
10062.jpg,TOP,TSHIRT,Tshirts,GRAY,Fall,Casual,Men,PRINT,REGULAR,COTTON
34038.jpg,TOP,SHIRT,Shirts,RED,Summer,Casual,Boys,CHECK,REGULAR,COTTON
3991.jpg,TOP,TSHIRT,Tshirts,WHITE,Summer,Casual,Men,PRINT,REGULAR,COTTON
40985.jpg,TOP,TSHIRT,Tshirts,WHITE,Summer,Casual,Boys,PRINT,REGULAR,COTTON
11529.jpg,TOP,KNIT,Sweaters,GRAY,Fall,Casual,Men,OTHER,OTHER,OTHER
4972.jpg,TOP,SHIRT,Shirts,GREEN,Summer,Casual,Men,CHECK,REGULAR,COTTON
7156.jpg,TOP,SHIRT,Shirts,BLACK,Fall,Casual,Men,CHECK,REGULAR,COTTON
19549.jpg,TOP,SWEATSHIRT,Sweatshirts,GRAY,Fall,Casual,Men,SOLID,OTHER,COTTON
13417.jpg,TOP,SHIRT,Shirts,BLUE,Summer,Casual,Men,SOLID,REGULAR,COTTON
11172.jpg,TOP,KNIT,Sweaters,RED,Fall,Casual,Men,OTHER,OTHER,OTHER
16191.jpg,TOP,TSHIRT,Tshirts,WHITE,Fall,Casual,Men,PRINT,REGULAR,COTTON
2286.jpg,TOP,SWEATSHIRT,Sweatshirts,BLACK,Fall,Sports,Men,SOLID,OTHER,Blended
12367.jpg,TOP,SHIRT,Shirts,WHITE,Fall,Formal,Men,SOLID,REGULAR,COTTON
1609.jpg,TOP,SWEATSHIRT,Sweatshirts,PINK,Fall,Sports,Women,SOLID,OTHER,COTTON
9464.jpg,TOP,SHIRT,Shirts,WHITE,Fall,Formal,Men,SOLID,REGULAR,COTTON
19327.jpg,TOP,SWEATSHIRT,Sweatshirts,NAVY,Fall,Casual,Men,SOLID,OTHER,Blended
26367.jpg,TOP,SHIRT,Shirts,PURPLE,Summer,,Women,SOLID,REGULAR,OTHER
4720.jpg,TOP,TSHIRT,Tshirts,YELLOW,Summer,Casual,Girls,PRINT,REGULAR,COTTON
31586.jpg,TOP,TSHIRT,Tshirts,YELLOW,Summer,Casual,Men,PRINT,REGULAR,COTTON
24054.jpg,TOP,TSHIRT,Tshirts,BLUE,Fall,Casual,Men,PRINT,REGULAR,COTTON
11175.jpg,TOP,KNIT,Sweaters,WHITE,Fall,Casual,Men,OTHER,OTHER,OTHER
2047.jpg,TOP,TSHIRT,Tshirts,NAVY,Fall,Sports,Men,STRIPE,REGULAR,POLYESTER
18864.jpg,TOP,SWEATSHIRT,Sweatshirts,BLACK,Fall,Casual,Men,PRINT,OTHER,Blended
4780.jpg,TOP,TSHIRT,Tshirts,PINK,Summer,Sports,Women,PRINT,REGULAR,POLYESTER
8186.jpg,TOP,SHIRT,Shirts,GRAY,Summer,Casual,Men,CHECK,SLIM,COTTON
18631.jpg,TOP,TSHIRT,Tshirts,NAVY,Fall,Casual,Men,PRINT,REGULAR,COTTON
8340.jpg,TOP,TSHIRT,Tshirts,BLACK,Fall,Casual,Boys,SOLID,REGULAR,COTTON
38494.jpg,TOP,TSHIRT,Tshirts,GREEN,Summer,Casual,Boys,PRINT,REGULAR,COTTON
15586.jpg,TOP,SWEATSHIRT,Sweatshirts,GREEN,Fall,Casual,Men,PRINT,OTHER,COTTON
18863.jpg,TOP,SWEATSHIRT,Sweatshirts,RED,Fall,Casual,Men,PRINT,OTHER,COTTON
19146.jpg,TOP,SWEATSHIRT,Sweatshirts,GRAY,Summer,Casual,Men,SOLID,OTHER,COTTON
33249.jpg,TOP,SHIRT,Shirts,WHITE,Summer,Formal,Men,STRIPE,SLIM,COTTON
19522.jpg,TOP,KNIT,Sweaters,NAVY,Fall,Casual,Men,OTHER,OTHER,OTHER
15915.jpg,TOP,SHIRT,Shirts,PURPLE,Fall,Formal,Men,CHECK,SLIM,COTTON
8181.jpg,TOP,SHIRT,Shirts,PURPLE,Summer,Casual,Men,CHECK,SLIM,COTTON
34098.jpg,TOP,SHIRT,Shirts,MULTI,Summer,Casual,Boys,CHECK,REGULAR,COTTON
41660.jpg,TOP,SHIRT,Shirts,BLUE,Summer,Formal,Men,STRIPE,REGULAR,OTHER
20233.jpg,TOP,KNIT,Sweaters,RED,Fall,Casual,Women,OTHER,OTHER,OTHER
10452.jpg,TOP,TSHIRT,Tshirts,GRAY,Fall,Casual,Men,PRINT,REGULAR,COTTON
2680.jpg,TOP,TSHIRT,Tshirts,BLUE,Summer,Casual,Men,PRINT,REGULAR,COTTON
6220.jpg,TOP,TSHIRT,Tshirts,ORANGE,Summer,Casual,Men,OTHER,REGULAR,COTTON
13812.jpg,TOP,KNIT,Sweaters,NAVY,Fall,Casual,Men,STRIPE,OTHER,COTTON
51401.jpg,TOP,SHIRT,Shirts,BLUE,Summer,Casual,Men,CHECK,REGULAR,COTTON
6015.jpg,TOP,SHIRT,Shirts,BLACK,Summer,Casual,Men,OTHER,OTHER,OTHER
21120.jpg,TOP,KNIT,Sweaters,PURPLE,Fall,Casual,Men,OTHER,OTHER,OTHER
26795.jpg,TOP,SHIRT,Shirts,BLUE,Summer,Formal,Men,SOLID,OTHER,OTHER
2025.jpg,TOP,TSHIRT,Tshirts,GRAY,Fall,Sports,Men,SOLID,REGULAR,COTTON
33247.jpg,TOP,SHIRT,Shirts,GRAY,Summer,Formal,Men,CHECK,REGULAR,COTTON
32395.jpg,TOP,SHIRT,Shirts,GRAY,Summer,Formal,Women,SOLID,REGULAR,COTTON
9634.jpg,TOP,SHIRT,Shirts,WHITE,Fall,Formal,Men,STRIPE,REGULAR,OTHER
4319.jpg,TOP,TSHIRT,Tshirts,BLUE,Summer,Casual,Unisex,PRINT,REGULAR,COTTON
19177.jpg,TOP,SHIRT,Shirts,NAVY,Fall,Casual,Men,SOLID,REGULAR,COTTON
27871.jpg,TOP,SHIRT,Shirts,WHITE,Summer,Casual,Women,OTHER,OTHER,OTHER
58372.jpg,TOP,TSHIRT,Tshirts,BEIGE,Summer,Casual,Men,PRINT,REGULAR,Blended
19326.jpg,TOP,SWEATSHIRT,Sweatshirts,BLUE,Fall,Casual,Men,SOLID,OTHER,Blended
18200.jpg,TOP,KNIT,Sweaters,RED,Fall,Casual,Women,OTHER,OTHER,OTHER
4974.jpg,TOP,SHIRT,Shirts,YELLOW,Summer,Casual,Men,CHECK,REGULAR,COTTON
12950.jpg,TOP,SHIRT,Shirts,WHITE,Fall,Casual,Men,CHECK,SLIM,COTTON
11174.jpg,TOP,KNIT,Sweaters,GREEN,Fall,Casual,Men,OTHER,OTHER,OTHER
17613.jpg,TOP,TSHIRT,Tshirts,RED,Fall,Casual,Boys,PRINT,REGULAR,COTTON
20091.jpg,TOP,KNIT,Sweaters,GRAY,Summer,Casual,Women,OTHER,OTHER,OTHER
9462.jpg,TOP,SHIRT,Shirts,WHITE,Fall,Formal,Men,CHECK,REGULAR,COTTON
13429.jpg,TOP,TSHIRT,Tshirts,RED,Summer,Casual,Men,PRINT,REGULAR,Synthetic
7954.jpg,TOP,TSHIRT,Tshirts,BLUE,Fall,Sports,Men,STRIPE,OTHER,COTTON
7168.jpg,TOP,SHIRT,Shirts,BLUE,Fall,Casual,Men,CHECK,SLIM,OTHER
18238.jpg,TOP,TSHIRT,Tshirts,WHITE,Fall,Casual,Men,PRINT,REGULAR,COTTON
14091.jpg,TOP,KNIT,Sweaters,PINK,Fall,Casual,Women,OTHER,OTHER,OTHER
19548.jpg,TOP,SWEATSHIRT,Sweatshirts,PURPLE,Fall,Casual,Men,SOLID,OTHER,Blended
11173.jpg,TOP,KNIT,Sweaters,RED,Fall,Casual,Men,OTHER,OTHER,OTHER
2041.jpg,TOP,TSHIRT,Tshirts,GRAY,Fall,Sports,Men,PRINT,REGULAR,POLYESTER
8586.jpg,TOP,SHIRT,Shirts,RED,Fall,Casual,Men,CHECK,SLIM,COTTON
12539.jpg,TOP,TSHIRT,Tshirts,BLACK,Fall,Casual,Women,PRINT,REGULAR,COTTON
9454.jpg,TOP,SHIRT,Shirts,WHITE,Fall,Formal,Men,CHECK,REGULAR,COTTON
24269.jpg,TOP,TSHIRT,Tshirts,GRAY,Fall,Casual,Men,PRINT,REGULAR,COTTON
32768.jpg,TOP,TSHIRT,Tshirts,GRAY,Spring,Casual,Men,PRINT,REGULAR,COTTON
33488.jpg,TOP,SHIRT,Shirts,PURPLE,Summer,Casual,Men,CHECK,REGULAR,COTTON
15982.jpg,TOP,SHIRT,Shirts,GRAY,Fall,Casual,Men,STRIPE,SLIM,COTTON
12350.jpg,TOP,SHIRT,Shirts,PINK,Fall,Formal,Men,STRIPE,REGULAR,COTTON
6611.jpg,TOP,SHIRT,Shirts,NAVY,Summer,Casual,Men,STRIPE,SLIM,COTTON
5094.jpg,TOP,TSHIRT,Tshirts,BROWN,Summer,Casual,Men,PRINT,SLIM,COTTON
10063.jpg,TOP,TSHIRT,Tshirts,YELLOW,Fall,Casual,Men,PRINT,REGULAR,COTTON
24858.jpg,TOP,SHIRT,Shirts,WHITE,Summer,Formal,Men,OTHER,OTHER,OTHER
17848.jpg,TOP,TSHIRT,Tshirts,WHITE,Fall,Casual,Women,PRINT,REGULAR,COTTON
19328.jpg,TOP,SWEATSHIRT,Sweatshirts,RED,Fall,Casual,Men,SOLID,OTHER,Blended
22367.jpg,TOP,TSHIRT,Tshirts,RED,Fall,Casual,Men,PRINT,REGULAR,COTTON
14053.jpg,TOP,SHIRT,Shirts,BLUE,Fall,Casual,Men,CHECK,REGULAR,COTTON
59296.jpg,TOP,SHIRT,Shirts,WHITE,Fall,Casual,Men,STRIPE,REGULAR,COTTON
7166.jpg,TOP,SHIRT,Shirts,RED,Fall,Casual,Men,OTHER,REGULAR,OTHER
4387.jpg,TOP,TSHIRT,Tshirts,GRAY,Summer,Casual,Men,PRINT,REGULAR,COTTON
9498.jpg,TOP,SHIRT,Shirts,PINK,Fall,Formal,Men,CHECK,REGULAR,OTHER
3364.jpg,TOP,TSHIRT,Tshirts,BLUE,Summer,Casual,Men,PRINT,REGULAR,COTTON
6272.jpg,TOP,TSHIRT,Tshirts,GRAY,Summer,Casual,Men,OTHER,REGULAR,COTTON
33246.jpg,TOP,SHIRT,Shirts,PURPLE,Spring,Formal,Men,SOLID,SLIM,COTTON
10030.jpg,TOP,TSHIRT,Tshirts,BLACK,Fall,Sports,Women,PRINT,REGULAR,Synthetic
51400.jpg,TOP,SHIRT,Shirts,YELLOW,Summer,Formal,Men,SOLID,REGULAR,COTTON
13487.jpg,TOP,SHIRT,Shirts,BLUE,Fall,Casual,Men,STRIPE,REGULAR,COTTON
12304.jpg,TOP,SHIRT,Shirts,RED,Fall,Formal,Men,STRIPE,REGULAR,COTTON
43304.jpg,TOP,SHIRT,Shirts,WHITE,Summer,Casual,Women,SOLID,REGULAR,COTTON
32393.jpg,TOP,SHIRT,Shirts,BLUE,Summer,Formal,Women,SOLID,REGULAR,COTTON
7763.jpg,TOP,TSHIRT,Tshirts,BLUE,Fall,Casual,Men,PRINT,REGULAR,COTTON
20232.jpg,TOP,KNIT,Sweaters,BLUE,Fall,Casual,Women,OTHER,OTHER,OTHER
21119.jpg,TOP,KNIT,Sweaters,BLACK,Fall,Casual,Men,OTHER,OTHER,OTHER
9064.jpg,TOP,SHIRT,Shirts,BLUE,Fall,Formal,Men,STRIPE,SLIM,OTHER
9256.jpg,TOP,SHIRT,Shirts,BLUE,Fall,Formal,Men,STRIPE,SLIM,OTHER
11778.jpg,TOP,TSHIRT,Tshirts,GRAY,Fall,Casual,Men,SOLID,REGULAR,COTTON
19515.jpg,TOP,KNIT,Sweaters,BLUE,Fall,Casual,Men,OTHER,OTHER,OTHER
10465.jpg,TOP,TSHIRT,Tshirts,PURPLE,Fall,Casual,Men,PRINT,REGULAR,COTTON
5492.jpg,TOP,TSHIRT,Tshirts,BLUE,Summer,Casual,Men,PRINT,REGULAR,COTTON
21110.jpg,TOP,KNIT,Sweaters,GRAY,Fall,Casual,Men,OTHER,OTHER,OTHER
20204.jpg,TOP,SWEATSHIRT,Sweatshirts,GRAY,Fall,Casual,Men,PRINT,OTHER,Blended
52072.jpg,TOP,TSHIRT,Tshirts,BLUE,Summer,Casual,Men,PRINT,REGULAR,COTTON
8180.jpg,TOP,SHIRT,Shirts,GREEN,Summer,Casual,Men,CHECK,SLIM,COTTON
9260.jpg,TOP,SHIRT,Shirts,BLUE,Fall,Formal,Men,STRIPE,SLIM,OTHER
4329.jpg,TOP,TSHIRT,Tshirts,ORANGE,Summer,Casual,Unisex,PRINT,REGULAR,COTTON
38492.jpg,TOP,TSHIRT,Tshirts,YELLOW,Summer,Casual,Boys,PRINT,REGULAR,COTTON
25923.jpg,TOP,TSHIRT,Tshirts,PINK,Summer,Casual,Women,SOLID,REGULAR,Synthetic
20203.jpg,TOP,SWEATSHIRT,Sweatshirts,BLACK,Fall,Casual,Men,PRINT,OTHER,COTTON
40120.jpg,TOP,TSHIRT,Tshirts,GREEN,Summer,Casual,Women,PRINT,REGULAR,Synthetic
6022.jpg,TOP,TSHIRT,Tshirts,BLACK,Summer,Casual,Men,OTHER,OTHER,OTHER
18865.jpg,TOP,SWEATSHIRT,Sweatshirts,RED,Fall,Casual,Men,PRINT,OTHER,COTTON
58742.jpg,TOP,TSHIRT,Tshirts,BROWN,Summer,Casual,Men,SOLID,REGULAR,COTTON
39781.jpg,TOP,SHIRT,Shirts,WHITE,Summer,Formal,Men,STRIPE,REGULAR,OTHER
3845.jpg,TOP,TSHIRT,Tshirts,BROWN,Summer,Casual,Men,OTHER,OTHER,OTHER
5974.jpg,TOP,SHIRT,Shirts,GREEN,Summer,Casual,Men,OTHER,OTHER,OTHER
46351.jpg,TOP,SHIRT,Shirts,WHITE,Summer,Casual,Men,SOLID,REGULAR,COTTON
14712.jpg,TOP,SHIRT,Shirts,WHITE,Winter,Formal,Men,SOLID,REGULAR,COTTON
17197.jpg,TOP,KNIT,Sweaters,GREEN,Winter,Casual,Men,STRIPE,OTHER,COTTON
16045.jpg,TOP,SHIRT,Shirts,WHITE,Fall,Casual,Men,CHECK,REGULAR,COTTON
5987.jpg,TOP,SHIRT,Shirts,BLACK,Summer,Casual,Men,OTHER,SLIM,OTHER
16042.jpg,TOP,SHIRT,Shirts,RED,Fall,Casual,Men,CHECK,REGULAR,COTTON
27153.jpg,TOP,SHIRT,Shirts,GREEN,Summer,Formal,Men,STRIPE,SLIM,OTHER
40267.jpg,TOP,TSHIRT,Tshirts,WHITE,Summer,Casual,Men,STRIPE,REGULAR,COTTON
17164.jpg,TOP,SHIRT,Shirts,BLUE,Fall,Casual,Men,CHECK,SLIM,COTTON
3880.jpg,TOP,TSHIRT,Tshirts,GRAY,Summer,Casual,Men,PRINT,OTHER,COTTON
29696.jpg,TOP,SHIRT,Shirts,PURPLE,Summer,Formal,Men,STRIPE,REGULAR,OTHER
6996.jpg,TOP,TSHIRT,Tshirts,BROWN,Spring,Casual,Men,STRIPE,REGULAR,COTTON
26088.jpg,TOP,SHIRT,Shirts,PURPLE,Summer,Formal,Men,STRIPE,SLIM,OTHER
12847.jpg,TOP,TSHIRT,Tshirts,BLACK,Fall,Casual,Boys,PRINT,REGULAR,COTTON
6708.jpg,TOP,SHIRT,Shirts,YELLOW,Summer,Casual,Men,OTHER,OTHER,OTHER
3874.jpg,TOP,TSHIRT,Tshirts,BLUE,Summer,Casual,Men,OTHER,OTHER,OTHER
22625.jpg,TOP,KNIT,Sweaters,BLACK,Fall,Sports,Men,OTHER,OTHER,OTHER
8833.jpg,TOP,KNIT,Sweaters,BLACK,Fall,Casual,Men,OTHER,OTHER,OTHER
13734.jpg,TOP,SHIRT,Shirts,BLUE,Fall,Casual,Men,CHECK,REGULAR,COTTON
10377.jpg,TOP,TSHIRT,Tshirts,WHITE,Fall,Casual,Men,PRINT,REGULAR,COTTON
21602.jpg,TOP,KNIT,Sweaters,GRAY,Winter,Casual,Women,OTHER,OTHER,OTHER
30314.jpg,TOP,TSHIRT,Tshirts,RED,Summer,Casual,Men,OTHER,OTHER,OTHER
24526.jpg,TOP,SHIRT,Shirts,RED,Fall,Casual,Men,SOLID,REGULAR,COTTON
23951.jpg,TOP,KNIT,Sweaters,BLACK,Fall,Casual,Men,OTHER,OTHER,OTHER
4864.jpg,TOP,TSHIRT,Tshirts,WHITE,Summer,Sports,Men,STRIPE,REGULAR,POLYESTER
20378.jpg,TOP,SWEATSHIRT,Sweatshirts,BLACK,Fall,Sports,Women,PRINT,OTHER,COTTON
39067.jpg,TOP,TSHIRT,Tshirts,GREEN,Summer,Casual,Men,SOLID,REGULAR,COTTON
13966.jpg,TOP,TSHIRT,Tshirts,WHITE,Fall,Casual,Men,SOLID,REGULAR,COTTON
12043.jpg,TOP,SHIRT,Shirts,WHITE,Fall,Formal,Men,STRIPE,SLIM,OTHER
12271.jpg,TOP,SHIRT,Shirts,BLUE,Fall,Formal,Men,STRIPE,REGULAR,COTTON
19699.jpg,TOP,SHIRT,Shirts,WHITE,Fall,Casual,Men,SOLID,REGULAR,COTTON
9778.jpg,TOP,TSHIRT,Tshirts,WHITE,Fall,Casual,Men,SOLID,REGULAR,COTTON
15602.jpg,TOP,SWEATSHIRT,Sweatshirts,BLACK,Summer,Casual,Men,OTHER,OTHER,OTHER
37794.jpg,TOP,SHIRT,Shirts,BROWN,Summer,Formal,Men,STRIPE,REGULAR,COTTON
26282.jpg,TOP,TSHIRT,Tshirts,WHITE,Summer,Casual,Men,PRINT,REGULAR,COTTON
11632.jpg,TOP,SHIRT,Shirts,BLACK,Fall,Casual,Men,STRIPE,SLIM,COTTON
20347.jpg,TOP,KNIT,Sweaters,BLACK,Fall,Casual,Women,OTHER,OTHER,OTHER
10572.jpg,TOP,KNIT,Sweaters,RED,Fall,Casual,Men,OTHER,OTHER,OTHER
15000.jpg,TOP,TSHIRT,Tshirts,WHITE,Fall,Sports,Men,SOLID,REGULAR,COTTON
9946.jpg,TOP,KNIT,Sweaters,BLACK,Fall,Sports,Men,OTHER,OTHER,OTHER
51370.jpg,TOP,TSHIRT,Tshirts,BLACK,Summer,Casual,Men,SOLID,REGULAR,COTTON
12017.jpg,TOP,SHIRT,Shirts,PURPLE,Fall,Formal,Men,STRIPE,SLIM,OTHER
16027.jpg,TOP,SHIRT,Shirts,BLUE,Fall,Casual,Men,CHECK,REGULAR,COTTON
23139.jpg,TOP,SWEATSHIRT,Sweatshirts,GREEN,Fall,Casual,Men,SOLID,OTHER,POLYESTER
7817.jpg,TOP,TSHIRT,Tshirts,PURPLE,Fall,Casual,Men,STRIPE,REGULAR,COTTON
44669.jpg,TOP,SHIRT,Shirts,WHITE,Summer,Casual,Women,SOLID,REGULAR,OTHER
13758.jpg,TOP,SHIRT,Shirts,GREEN,Fall,Formal,Men,CHECK,REGULAR,COTTON
13760.jpg,TOP,SHIRT,Shirts,PURPLE,Fall,Casual,Men,CHECK,REGULAR,COTTON
21464.jpg,TOP,KNIT,Sweaters,GRAY,Winter,Casual,Women,OTHER,OTHER,OTHER
29609.jpg,TOP,SHIRT,Shirts,RED,Summer,Formal,Men,OTHER,OTHER,OTHER
9941.jpg,TOP,TSHIRT,Tshirts,GREEN,Fall,Casual,Men,PRINT,REGULAR,COTTON
11008.jpg,TOP,TSHIRT,Tshirts,WHITE,Fall,Casual,Women,PRINT,REGULAR,COTTON
35893.jpg,TOP,TSHIRT,Tshirts,WHITE,Summer,Casual,Boys,PRINT,REGULAR,COTTON
14922.jpg,TOP,TSHIRT,Tshirts,BLUE,Fall,Casual,Men,PRINT,REGULAR,COTTON
15038.jpg,TOP,KNIT,Sweaters,GRAY,Fall,Casual,Women,OTHER,OTHER,OTHER
7441.jpg,TOP,TSHIRT,Tshirts,GRAY,Summer,Casual,Men,STRIPE,REGULAR,COTTON
25006.jpg,TOP,SHIRT,Shirts,BLACK,Summer,Casual,Men,SOLID,REGULAR,COTTON
15693.jpg,TOP,SHIRT,Shirts,BLUE,Fall,Formal,Men,CHECK,SLIM,COTTON
8851.jpg,TOP,SHIRT,Shirts,BROWN,Fall,Casual,Men,CHECK,SLIM,OTHER
12026.jpg,TOP,SHIRT,Shirts,WHITE,Fall,Formal,Men,STRIPE,SLIM,OTHER
15031.jpg,TOP,KNIT,Sweaters,PINK,Fall,Casual,Women,OTHER,OTHER,OTHER
31096.jpg,TOP,SHIRT,Shirts,GREEN,Summer,Casual,Boys,CHECK,REGULAR,COTTON
30144.jpg,TOP,TSHIRT,Tshirts,BLACK,Summer,Casual,Women,PRINT,REGULAR,COTTON
23137.jpg,TOP,SWEATSHIRT,Sweatshirts,BEIGE,Fall,Casual,Men,SOLID,OTHER,POLYESTER
58809.jpg,TOP,SHIRT,Shirts,WHITE,Fall,Casual,Men,OTHER,REGULAR,COTTON
4237.jpg,TOP,TSHIRT,Tshirts,RED,Summer,Casual,Men,PRINT,SLIM,COTTON
15036.jpg,TOP,KNIT,Sweaters,BLUE,Fall,Casual,Women,OTHER,OTHER,OTHER
18729.jpg,TOP,KNIT,Sweaters,MULTI,Fall,Casual,Women,OTHER,OTHER,OTHER
9970.jpg,TOP,SWEATSHIRT,Sweatshirts,BLACK,Fall,Sports,Men,PRINT,OTHER,Blended
9984.jpg,TOP,TSHIRT,Tshirts,GREEN,Fall,Sports,Men,SOLID,REGULAR,Synthetic
4208.jpg,TOP,TSHIRT,Tshirts,RED,Summer,Casual,Boys,PRINT,REGULAR,COTTON
9517.jpg,TOP,SHIRT,Shirts,WHITE,Fall,Formal,Men,STRIPE,REGULAR,COTTON
16812.jpg,TOP,SHIRT,Shirts,BLUE,Fall,Casual,Men,CHECK,REGULAR,COTTON
13967.jpg,TOP,TSHIRT,Tshirts,RED,Fall,Casual,Men,PRINT,REGULAR,COTTON
6990.jpg,TOP,TSHIRT,Tshirts,BLUE,Summer,Casual,Men,OTHER,OTHER,OTHER
28928.jpg,TOP,TSHIRT,Tshirts,GRAY,Summer,Casual,Men,PRINT,REGULAR,COTTON
20379.jpg,TOP,SWEATSHIRT,Sweatshirts,GRAY,Fall,Sports,Women,PRINT,OTHER,COTTON
10188.jpg,TOP,SHIRT,Shirts,BLUE,Fall,Casual,Men,STRIPE,REGULAR,COTTON
4891.jpg,TOP,TSHIRT,Tshirts,PINK,Summer,Casual,Women,STRIPE,REGULAR,COTTON
2168.jpg,TOP,SHIRT,Shirts,BLUE,Summer,Casual,Men,CHECK,SLIM,COTTON
18311.jpg,TOP,KNIT,Sweaters,GREEN,Summer,Casual,Men,OTHER,OTHER,OTHER
14984.jpg,TOP,SWEATSHIRT,Sweatshirts,BLACK,Fall,Sports,Men,PRINT,OTHER,Blended
13500.jpg,TOP,TSHIRT,Tshirts,GRAY,Fall,Casual,Men,PRINT,REGULAR,COTTON
11257.jpg,TOP,TSHIRT,Tshirts,BLACK,Fall,Casual,Men,PRINT,REGULAR,Synthetic
20346.jpg,TOP,KNIT,Sweaters,PINK,Fall,Casual,Women,OTHER,OTHER,OTHER
4402.jpg,TOP,TSHIRT,Tshirts,BLACK,Summer,Casual,Men,PRINT,REGULAR,COTTON
26045.jpg,TOP,SHIRT,Shirts,PURPLE,Summer,Formal,Men,SOLID,REGULAR,OTHER
10371.jpg,TOP,SWEATSHIRT,Sweatshirts,BLACK,Fall,Casual,Men,PRINT,OTHER,Blended
12846.jpg,TOP,TSHIRT,Tshirts,GRAY,Fall,Casual,Boys,STRIPE,REGULAR,COTTON
10376.jpg,TOP,TSHIRT,Tshirts,BLUE,Fall,Casual,Men,PRINT,REGULAR,COTTON
15604.jpg,TOP,TSHIRT,Tshirts,BLACK,Fall,Sports,Men,PRINT,REGULAR,COTTON
4253.jpg,TOP,TSHIRT,Tshirts,BROWN,Summer,Casual,Men,PRINT,SLIM,COTTON
33590.jpg,TOP,TSHIRT,Tshirts,NAVY,Summer,Casual,Men,SOLID,REGULAR,COTTON
8832.jpg,TOP,KNIT,Sweaters,GRAY,Fall,Casual,Men,OTHER,OTHER,OTHER
11406.jpg,TOP,TSHIRT,Tshirts,BLUE,Fall,Casual,Men,PRINT,REGULAR,COTTON
5147.jpg,TOP,SHIRT,Shirts,RED,Summer,Casual,Women,SOLID,REGULAR,COTTON
31465.jpg,TOP,TSHIRT,Tshirts,BLUE,Summer,Casual,Men,PRINT,REGULAR,COTTON
3082.jpg,TOP,TSHIRT,Tshirts,NAVY,Summer,Casual,Men,PRINT,SLIM,COTTON
44893.jpg,TOP,TSHIRT,Tshirts,GRAY,Summer,Casual,Men,SOLID,REGULAR,COTTON
48450.jpg,TOP,TSHIRT,Tshirts,GRAY,Summer,Casual,Men,SOLID,REGULAR,COTTON
12884.jpg,TOP,TSHIRT,Tshirts,GRAY,Fall,Casual,Men,PRINT,REGULAR,Synthetic
33935.jpg,TOP,TSHIRT,Tshirts,BLUE,Summer,Casual,Men,SOLID,REGULAR,POLYESTER
9783.jpg,TOP,TSHIRT,Tshirts,WHITE,Fall,Casual,Men,PRINT,REGULAR,COTTON
26246.jpg,TOP,TSHIRT,Tshirts,GREEN,Summer,Casual,Men,SOLID,REGULAR,COTTON
23162.jpg,TOP,TSHIRT,Tshirts,NAVY,Fall,Casual,Men,PRINT,REGULAR,COTTON
24949.jpg,TOP,TSHIRT,Tshirts,PINK,Summer,Casual,Women,SOLID,REGULAR,COTTON
23196.jpg,TOP,SHIRT,Shirts,GREEN,Fall,Casual,Men,CHECK,REGULAR,COTTON
14526.jpg,TOP,SHIRT,Shirts,BLUE,Fall,Formal,Men,STRIPE,SLIM,OTHER
15090.jpg,TOP,SHIRT,Shirts,WHITE,Fall,Casual,Men,CHECK,REGULAR,COTTON
19201.jpg,TOP,SHIRT,Shirts,BLACK,Fall,Casual,Men,CHECK,REGULAR,COTTON
18571.jpg,TOP,KNIT,Sweaters,GRAY,Fall,Casual,Men,OTHER,OTHER,OTHER
44894.jpg,TOP,TSHIRT,Tshirts,RED,Summer,Casual,Men,SOLID,REGULAR,COTTON
26087.jpg,TOP,SHIRT,Shirts,PURPLE,Summer,Formal,Men,CHECK,SLIM,OTHER
34314.jpg,TOP,TSHIRT,Tshirts,ORANGE,Summer,Casual,Men,PRINT,REGULAR,COTTON
17196.jpg,TOP,KNIT,Sweaters,NAVY,Winter,Casual,Men,OTHER,OTHER,OTHER
42394.jpg,TOP,TSHIRT,Tshirts,PURPLE,Summer,Casual,Women,PRINT,REGULAR,COTTON
16276.jpg,TOP,SWEATSHIRT,Sweatshirts,NAVY,Fall,Casual,Men,PRINT,OTHER,Blended
11053.jpg,TOP,SHIRT,Shirts,BLUE,Fall,Casual,Men,CHECK,SLIM,COTTON
14111.jpg,TOP,SWEATSHIRT,Sweatshirts,NAVY,Fall,Casual,Men,PRINT,OTHER,COTTON
5122.jpg,TOP,TSHIRT,Tshirts,PINK,Summer,Casual,Women,STRIPE,REGULAR,COTTON
2307.jpg,TOP,TSHIRT,Tshirts,PURPLE,Fall,Sports,Women,SOLID,OTHER,COTTON
7447.jpg,TOP,TSHIRT,Tshirts,ORANGE,Summer,Casual,Men,SOLID,REGULAR,POLYESTER
14747.jpg,TOP,SHIRT,Shirts,BLUE,Fall,Formal,Men,STRIPE,REGULAR,COTTON
9971.jpg,TOP,SWEATSHIRT,Sweatshirts,BLUE,Fall,Sports,Men,PRINT,OTHER,Blended
6105.jpg,TOP,TSHIRT,Tshirts,WHITE,Summer,Casual,Women,OTHER,OTHER,OTHER
15037.jpg,TOP,KNIT,Sweaters,BLACK,Fall,Casual,Women,OTHER,OTHER,OTHER
18728.jpg,TOP,KNIT,Sweaters,GRAY,Fall,Casual,Women,OTHER,OTHER,OTHER
4209.jpg,TOP,TSHIRT,Tshirts,GREEN,Summer,Casual,Boys,PRINT,REGULAR,COTTON
15030.jpg,TOP,KNIT,Sweaters,PINK,Fall,Casual,Women,OTHER,OTHER,OTHER
57285.jpg,TOP,SHIRT,Shirts,BLUE,Summer,Casual,Men,OTHER,REGULAR,COTTON
23136.jpg,TOP,SWEATSHIRT,Sweatshirts,BLUE,Fall,Casual,Women,SOLID,OTHER,POLYESTER
22222.jpg,TOP,TSHIRT,Tshirts,WHITE,Fall,Casual,Women,PRINT,REGULAR,COTTON
13757.jpg,TOP,SHIRT,Shirts,BLUE,Fall,Formal,Men,CHECK,REGULAR,COTTON
14324.jpg,TOP,KNIT,Sweaters,PINK,Fall,Casual,Women,OTHER,OTHER,OTHER
11656.jpg,TOP,TSHIRT,Tshirts,RED,Fall,Casual,Women,PRINT,REGULAR,COTTON
29291.jpg,TOP,SHIRT,Shirts,GREEN,Summer,Casual,Men,STRIPE,SLIM,COTTON
21465.jpg,TOP,KNIT,Sweaters,RED,Winter,Casual,Women,SOLID,OTHER,COTTON
12011.jpg,TOP,SHIRT,Shirts,PURPLE,Fall,Formal,Men,STRIPE,SLIM,OTHER
8268.jpg,TOP,TSHIRT,Tshirts,GRAY,Fall,Casual,Men,PRINT,REGULAR,COTTON
7012.jpg,TOP,TSHIRT,Tshirts,GREEN,Summer,Casual,Men,STRIPE,SLIM,COTTON
58459.jpg,TOP,TSHIRT,Tshirts,NAVY,Summer,Casual,Boys,PRINT,OTHER,COTTON
29061.jpg,TOP,TSHIRT,Tshirts,WHITE,Summer,Casual,Women,PRINT,REGULAR,COTTON
8859.jpg,TOP,SHIRT,Shirts,WHITE,Fall,Casual,Men,CHECK,SLIM,OTHER
2103.jpg,TOP,SHIRT,Shirts,WHITE,Winter,Casual,Men,CHECK,REGULAR,OTHER
11455.jpg,TOP,SHIRT,Shirts,BLACK,Fall,Casual,Men,SOLID,REGULAR,COTTON
1540.jpg,TOP,TSHIRT,Tshirts,BLUE,Fall,Casual,Men,SOLID,OTHER,Blended
18974.jpg,TOP,SHIRT,Shirts,BLUE,Summer,Casual,Men,STRIPE,REGULAR,COTTON
34382.jpg,TOP,TSHIRT,Tshirts,RED,Summer,Casual,Men,PRINT,REGULAR,COTTON
36248.jpg,TOP,TSHIRT,Tshirts,GREEN,Summer,Casual,Men,PRINT,REGULAR,Synthetic
14924.jpg,TOP,SWEATSHIRT,Sweatshirts,GREEN,Fall,Casual,Men,SOLID,OTHER,COTTON
13759.jpg,TOP,SHIRT,Shirts,PURPLE,Fall,Formal,Men,SOLID,REGULAR,COTTON
9520.jpg,TOP,SHIRT,Shirts,PURPLE,Fall,Formal,Men,CHECK,REGULAR,COTTON
23138.jpg,TOP,SWEATSHIRT,Sweatshirts,BLUE,Fall,Casual,Men,SOLID,OTHER,POLYESTER
48073.jpg,TOP,TSHIRT,Tshirts,GRAY,Summer,Casual,Men,STRIPE,REGULAR,COTTON
18969.jpg,TOP,KNIT,Sweaters,BLUE,Fall,Casual,Men,OTHER,OTHER,OTHER
13320.jpg,TOP,SHIRT,Shirts,PINK,Fall,Casual,Men,STRIPE,REGULAR,COTTON
13744.jpg,TOP,SHIRT,Shirts,BLACK,Fall,Formal,Men,SOLID,REGULAR,COTTON
12662.jpg,TOP,SHIRT,Shirts,WHITE,Fall,Casual,Men,STRIPE,SLIM,COTTON
57296.jpg,TOP,SHIRT,Shirts,WHITE,Summer,Casual,Men,CHECK,REGULAR,COTTON
17546.jpg,TOP,SHIRT,Shirts,PINK,Fall,Formal,Men,STRIPE,SLIM,OTHER
8275.jpg,TOP,TSHIRT,Tshirts,BLUE,Fall,Casual,Men,PRINT,REGULAR,COTTON
6572.jpg,TOP,TSHIRT,Tshirts,BLACK,Summer,Sports,Men,OTHER,OTHER,OTHER
13743.jpg,TOP,SHIRT,Shirts,BLACK,Fall,Casual,Men,CHECK,REGULAR,COTTON
18199.jpg,TOP,KNIT,Sweaters,PURPLE,Fall,Casual,Women,OTHER,OTHER,OTHER
13929.jpg,TOP,SHIRT,Shirts,BEIGE,Summer,Casual,Men,SOLID,REGULAR,OTHER
37719.jpg,TOP,TSHIRT,Tshirts,BLUE,Summer,Casual,Men,SOLID,SLIM,COTTON
52148.jpg,TOP,TSHIRT,Tshirts,RED,Summer,Casual,Women,SOLID,REGULAR,Blended
19614.jpg,TOP,TSHIRT,Tshirts,WHITE,Summer,Casual,Women,SOLID,REGULAR,COTTON
29278.jpg,TOP,SHIRT,Shirts,BLUE,Summer,Casual,Men,CHECK,REGULAR,COTTON
31273.jpg,TOP,TSHIRT,Tshirts,GREEN,Summer,Casual,Men,PRINT,REGULAR,COTTON
7006.jpg,TOP,TSHIRT,Tshirts,BLACK,Summer,Casual,Men,OTHER,OTHER,OTHER
20301.jpg,TOP,KNIT,Sweaters,MULTI,Fall,Casual,Women,OTHER,OTHER,OTHER
5107.jpg,TOP,SHIRT,Shirts,YELLOW,Summer,Casual,Women,CHECK,REGULAR,COTTON
41752.jpg,TOP,TSHIRT,Tshirts,YELLOW,Summer,Casual,Boys,PRINT,REGULAR,COTTON
35875.jpg,TOP,TSHIRT,Tshirts,BLUE,Summer,Casual,Boys,PRINT,REGULAR,COTTON
16032.jpg,TOP,SHIRT,Shirts,GRAY,Fall,Casual,Men,CHECK,REGULAR,COTTON
5100.jpg,TOP,TSHIRT,Tshirts,YELLOW,Summer,Casual,Men,PRINT,SLIM,COTTON
6543.jpg,TOP,TSHIRT,Tshirts,BLACK,Summer,Sports,Men,OTHER,OTHER,OTHER
13786.jpg,TOP,KNIT,Sweaters,GRAY,Fall,Casual,Men,SOLID,OTHER,Acrylic
20194.jpg,TOP,SWEATSHIRT,Sweatshirts,WHITE,Fall,Casual,Men,OTHER,OTHER,OTHER
26263.jpg,TOP,TSHIRT,Tshirts,BLUE,Summer,Casual,Men,SOLID,REGULAR,COTTON
23147.jpg,TOP,SWEATSHIRT,Sweatshirts,BLACK,Fall,Casual,Women,SOLID,OTHER,POLYESTER
27148.jpg,TOP,SHIRT,Shirts,GRAY,Summer,Formal,Men,STRIPE,SLIM,OTHER
9594.jpg,TOP,SHIRT,Shirts,WHITE,Fall,Casual,Men,CHECK,OTHER,COTTON
29648.jpg,TOP,SHIRT,Shirts,GRAY,Summer,Formal,Men,STRIPE,SLIM,COTTON
9558.jpg,TOP,TSHIRT,Tshirts,BLACK,Fall,Sports,Men,PRINT,REGULAR,Synthetic
23140.jpg,TOP,SWEATSHIRT,Sweatshirts,GRAY,Fall,Casual,Women,SOLID,OTHER,POLYESTER
18759.jpg,TOP,SHIRT,Shirts,BLUE,Fall,Casual,Women,CHECK,REGULAR,COTTON
26056.jpg,TOP,SHIRT,Shirts,BLACK,Summer,Formal,Men,CHECK,REGULAR,OTHER
20193.jpg,TOP,SWEATSHIRT,Sweatshirts,GRAY,Fall,Casual,Men,SOLID,OTHER,COTTON
19815.jpg,TOP,SWEATSHIRT,Sweatshirts,GREEN,Fall,Casual,Men,SOLID,OTHER,Blended
11076.jpg,TOP,KNIT,Sweaters,BLACK,Fall,Casual,Men,OTHER,OTHER,OTHER
5153.jpg,TOP,TSHIRT,Tshirts,WHITE,Summer,Casual,Women,PRINT,REGULAR,COTTON
3868.jpg,TOP,TSHIRT,Tshirts,WHITE,Summer,Casual,Men,OTHER,OTHER,OTHER
33310.jpg,TOP,TSHIRT,Tshirts,WHITE,Summer,Casual,Men,STRIPE,OTHER,COTTON
2340.jpg,TOP,TSHIRT,Tshirts,PURPLE,Fall,Casual,Men,PRINT,REGULAR,COTTON
31023.jpg,TOP,SHIRT,Shirts,GRAY,Summer,Formal,Men,CHECK,SLIM,COTTON
7269.jpg,TOP,TSHIRT,Tshirts,BLUE,Fall,Casual,Men,PRINT,REGULAR,Synthetic
5506.jpg,TOP,TSHIRT,Tshirts,YELLOW,Summer,Casual,Women,PRINT,REGULAR,OTHER
17176.jpg,TOP,SHIRT,Shirts,GREEN,Fall,Casual,Men,CHECK,SLIM,COTTON
15621.jpg,TOP,SWEATSHIRT,Sweatshirts,WHITE,Fall,Sports,Men,PRINT,OTHER,Blended
30330.jpg,TOP,TSHIRT,Tshirts,BLACK,Summer,Casual,Men,PRINT,REGULAR,COTTON
33787.jpg,TOP,SHIRT,Shirts,BROWN,Spring,Smart Casual,Men,SOLID,REGULAR,COTTON
11078.jpg,TOP,KNIT,Sweaters,GRAY,Fall,Casual,Men,OTHER,OTHER,OTHER
15048.jpg,TOP,KNIT,Sweaters,GRAY,Fall,Casual,Women,STRIPE,OTHER,Acrylic
9556.jpg,TOP,TSHIRT,Tshirts,BLACK,Fall,Sports,Men,PRINT,REGULAR,Synthetic
19612.jpg,TOP,TSHIRT,Tshirts,BLUE,Summer,Casual,Women,SOLID,REGULAR,COTTON
2129.jpg,TOP,SHIRT,Shirts,GREEN,Spring,Casual,Men,CHECK,SLIM,COTTON
35880.jpg,TOP,TSHIRT,Tshirts,WHITE,Summer,Casual,Boys,STRIPE,REGULAR,COTTON
17571.jpg,TOP,SHIRT,Shirts,BLUE,Fall,Formal,Men,STRIPE,SLIM,OTHER
31281.jpg,TOP,TSHIRT,Tshirts,GRAY,Summer,Casual,Men,PRINT,REGULAR,COTTON
40672.jpg,TOP,SHIRT,Shirts,BLUE,Summer,Casual,Women,CHECK,REGULAR,COTTON
37720.jpg,TOP,TSHIRT,Tshirts,GRAY,Summer,Casual,Men,SOLID,SLIM,COTTON
11024.jpg,TOP,TSHIRT,Tshirts,PURPLE,Fall,Casual,Women,SOLID,REGULAR,COTTON
16033.jpg,TOP,SHIRT,Shirts,RED,Fall,Casual,Men,CHECK,REGULAR,COTTON
13317.jpg,TOP,SWEATSHIRT,Sweatshirts,GRAY,Fall,Casual,Men,PRINT,OTHER,COTTON
26800.jpg,TOP,SHIRT,Shirts,GRAY,Summer,Formal,Men,SOLID,REGULAR,COTTON
18959.jpg,TOP,KNIT,Sweaters,BLUE,Fall,Casual,Women,OTHER,OTHER,OTHER
11447.jpg,TOP,KNIT,Sweaters,WHITE,Fall,Casual,Women,OTHER,OTHER,OTHER
20300.jpg,TOP,KNIT,Sweaters,RED,Fall,Casual,Women,OTHER,OTHER,OTHER
18966.jpg,TOP,KNIT,Sweaters,GREEN,Summer,Casual,Men,OTHER,OTHER,OTHER
6777.jpg,TOP,SHIRT,Shirts,BROWN,Summer,Casual,Men,OTHER,OTHER,OTHER
48418.jpg,TOP,TSHIRT,Tshirts,GRAY,Summer,Casual,Men,PRINT,REGULAR,COTTON
48081.jpg,TOP,TSHIRT,Tshirts,RED,Summer,Casual,Men,SOLID,REGULAR,COTTON
7658.jpg,TOP,TSHIRT,Tshirts,PURPLE,Fall,Sports,Men,PRINT,REGULAR,COTTON
13789.jpg,TOP,KNIT,Sweaters,GRAY,Fall,Casual,Men,STRIPE,OTHER,Acrylic
34399.jpg,TOP,TSHIRT,Tshirts,BLACK,Summer,Casual,Men,PRINT,REGULAR,COTTON
10568.jpg,TOP,KNIT,Sweaters,NAVY,Fall,Casual,Men,OTHER,OTHER,OTHER
6587.jpg,TOP,TSHIRT,Tshirts,BLACK,Winter,Casual,Men,OTHER,OTHER,OTHER
12836.jpg,TOP,TSHIRT,Tshirts,GREEN,Fall,Casual,Men,PRINT,REGULAR,COTTON
8889.jpg,TOP,SHIRT,Shirts,BLACK,Fall,Formal,Men,STRIPE,REGULAR,OTHER
18968.jpg,TOP,KNIT,Sweaters,BLACK,Fall,Casual,Men,OTHER,OTHER,OTHER
6779.jpg,TOP,SHIRT,Shirts,GREEN,Summer,Casual,Men,SOLID,REGULAR,COTTON
12035.jpg,TOP,SHIRT,Shirts,BLUE,Fall,Formal,Men,STRIPE,SLIM,OTHER
13745.jpg,TOP,SHIRT,Shirts,BLUE,Fall,Formal,Men,SOLID,REGULAR,COTTON
26402.jpg,TOP,SHIRT,Shirts,PURPLE,Summer,Casual,Men,CHECK,SLIM,COTTON
3260.jpg,TOP,TSHIRT,Tshirts,WHITE,Summer,Casual,Men,PRINT,SLIM,COTTON
12253.jpg,TOP,SHIRT,Shirts,PINK,Winter,Formal,Men,STRIPE,REGULAR,COTTON
26059.jpg,TOP,SHIRT,Shirts,BLACK,Summer,Formal,Men,CHECK,REGULAR,OTHER
23973.jpg,TOP,TSHIRT,Tshirts,PURPLE,Fall,Casual,Men,PRINT,REGULAR,Synthetic
11079.jpg,TOP,SHIRT,Shirts,GREEN,Fall,Casual,Men,CHECK,REGULAR,COTTON
5960.jpg,TOP,SHIRT,Shirts,PURPLE,Summer,Casual,Men,OTHER,OTHER,OTHER
8829.jpg,TOP,SHIRT,Shirts,WHITE,Fall,Casual,Men,STRIPE,SLIM,COTTON
19822.jpg,TOP,KNIT,Sweaters,GRAY,Fall,Casual,Men,STRIPE,OTHER,COTTON
5500.jpg,TOP,TSHIRT,Tshirts,WHITE,Summer,Casual,Men,PRINT,REGULAR,COTTON
4042.jpg,TOP,TSHIRT,Tshirts,BLUE,Summer,Sports,Unisex,PRINT,REGULAR,Blended
7268.jpg,TOP,TSHIRT,Tshirts,BLUE,Fall,Casual,Men,PRINT,REGULAR,Synthetic
2984.jpg,TOP,TSHIRT,Tshirts,RED,Fall,Casual,Men,PRINT,REGULAR,COTTON
23148.jpg,TOP,SWEATSHIRT,Sweatshirts,GREEN,Fall,Casual,Women,SOLID,OTHER,POLYESTER
22631.jpg,TOP,TSHIRT,Tshirts,PINK,Fall,Sports,Women,PRINT,REGULAR,Synthetic
11077.jpg,TOP,KNIT,Sweaters,PURPLE,Fall,Casual,Men,OTHER,OTHER,OTHER
23141.jpg,TOP,SWEATSHIRT,Sweatshirts,NAVY,Fall,Casual,Men,SOLID,OTHER,POLYESTER
26057.jpg,TOP,SHIRT,Shirts,PURPLE,Summer,Formal,Men,CHECK,REGULAR,OTHER
2348.jpg,TOP,TSHIRT,Tshirts,BLUE,Fall,Casual,Men,PRINT,REGULAR,COTTON
19641.jpg,TOP,SWEATSHIRT,Sweatshirts,BLACK,Fall,Casual,Men,SOLID,OTHER,COTTON
17179.jpg,TOP,SHIRT,Shirts,WHITE,Winter,Casual,Men,SOLID,REGULAR,COTTON
12265.jpg,TOP,SHIRT,Shirts,WHITE,Fall,Formal,Men,STRIPE,REGULAR,COTTON
10364.jpg,TOP,TSHIRT,Tshirts,MULTI,Fall,Casual,Men,SOLID,REGULAR,COTTON
23146.jpg,TOP,SWEATSHIRT,Sweatshirts,BROWN,Fall,Casual,Men,SOLID,OTHER,POLYESTER
6724.jpg,TOP,TSHIRT,Tshirts,NAVY,Summer,Casual,Men,PRINT,REGULAR,COTTON
30797.jpg,TOP,SHIRT,Shirts,BLACK,Summer,Ethnic,Men,PRINT,REGULAR,COTTON
16631.jpg,TOP,TSHIRT,Tshirts,GRAY,Summer,Casual,Men,PRINT,REGULAR,COTTON
36004.jpg,TOP,TSHIRT,Tshirts,YELLOW,Summer,Casual,Boys,PRINT,REGULAR,COTTON
16403.jpg,TOP,SHIRT,Shirts,RED,Fall,Casual,Men,CHECK,REGULAR,COTTON
23179.jpg,TOP,TSHIRT,Tshirts,YELLOW,Fall,Casual,Men,PRINT,REGULAR,COTTON
18760.jpg,TOP,SHIRT,Shirts,GRAY,Fall,Casual,Women,CHECK,REGULAR,COTTON
6985.jpg,TOP,TSHIRT,Tshirts,WHITE,Summer,Casual,Men,OTHER,OTHER,OTHER
22609.jpg,TOP,SWEATSHIRT,Sweatshirts,PINK,Fall,Casual,Women,SOLID,OTHER,Blended
28565.jpg,TOP,TSHIRT,Tshirts,BLUE,Summer,Casual,Men,OTHER,OTHER,OTHER
16916.jpg,TOP,KNIT,Sweaters,WHITE,Fall,Casual,Men,OTHER,OTHER,OTHER
43328.jpg,TOP,TSHIRT,Tshirts,BLACK,Summer,Casual,Women,SOLID,REGULAR,COTTON
13800.jpg,TOP,SWEATSHIRT,Sweatshirts,GRAY,Fall,Casual,Men,SOLID,OTHER,COTTON
7925.jpg,TOP,TSHIRT,Tshirts,NAVY,Fall,Casual,Men,SOLID,REGULAR,COTTON
1814.jpg,TOP,TSHIRT,Tshirts,BROWN,Fall,Sports,Men,SOLID,REGULAR,COTTON
9621.jpg,TOP,SHIRT,Shirts,BLUE,Fall,Casual,Men,CHECK,REGULAR,COTTON
3129.jpg,TOP,TSHIRT,Tshirts,GRAY,Summer,Casual,Men,PRINT,REGULAR,Blended
20221.jpg,TOP,KNIT,Sweaters,GRAY,Fall,Casual,Men,OTHER,OTHER,OTHER
19539.jpg,TOP,KNIT,Sweaters,BLACK,Summer,Casual,Men,OTHER,OTHER,OTHER
19961.jpg,TOP,KNIT,Sweaters,BLUE,Fall,Casual,Men,OTHER,OTHER,OTHER
18847.jpg,TOP,TSHIRT,Tshirts,WHITE,Fall,Casual,Men,PRINT,REGULAR,COTTON
7784.jpg,TOP,TSHIRT,Tshirts,BLACK,Fall,Casual,Men,SOLID,REGULAR,COTTON
17201.jpg,TOP,KNIT,Sweaters,NAVY,Winter,Casual,Men,STRIPE,OTHER,COTTON
10024.jpg,TOP,TSHIRT,Tshirts,BLACK,Fall,Sports,Women,PRINT,REGULAR,Synthetic
21135.jpg,TOP,KNIT,Sweaters,PURPLE,Fall,Casual,Women,OTHER,OTHER,OTHER
9874.jpg,TOP,KNIT,Sweaters,NAVY,Fall,Casual,Men,OTHER,OTHER,OTHER
3778.jpg,TOP,TSHIRT,Tshirts,GREEN,Summer,Casual,Men,STRIPE,REGULAR,COTTON
20219.jpg,TOP,KNIT,Sweaters,RED,Fall,Casual,Men,OTHER,OTHER,OTHER
16911.jpg,TOP,SWEATSHIRT,Sweatshirts,WHITE,Fall,Casual,Men,PRINT,OTHER,COTTON
38823.jpg,TOP,SHIRT,Shirts,NAVY,Fall,Casual,Women,SOLID,REGULAR,COTTON
19992.jpg,TOP,TSHIRT,Tshirts,WHITE,Summer,Casual,Men,PRINT,REGULAR,COTTON
12546.jpg,TOP,TSHIRT,Tshirts,BLUE,Fall,Casual,Women,PRINT,REGULAR,COTTON
16320.jpg,TOP,TSHIRT,Tshirts,GREEN,Fall,Casual,Men,PRINT,REGULAR,COTTON
14645.jpg,TOP,SHIRT,Shirts,NAVY,Fall,Casual,Men,STRIPE,SLIM,COTTON
20226.jpg,TOP,KNIT,Sweaters,BLUE,Fall,Casual,Women,OTHER,OTHER,OTHER
18623.jpg,TOP,KNIT,Sweaters,BLUE,Fall,Casual,Men,OTHER,OTHER,OTHER
4759.jpg,TOP,TSHIRT,Tshirts,BLUE,Summer,Sports,Men,OTHER,OTHER,OTHER
12917.jpg,TOP,KNIT,Sweaters,WHITE,Fall,Casual,Men,OTHER,OTHER,OTHER
48361.jpg,TOP,SHIRT,Shirts,BLUE,Summer,Casual,Men,CHECK,OTHER,COTTON
19537.jpg,TOP,KNIT,Sweaters,BLUE,Summer,Casual,Men,OTHER,OTHER,OTHER
5486.jpg,TOP,TSHIRT,Tshirts,NAVY,Summer,Casual,Boys,SOLID,REGULAR,COTTON
26113.jpg,TOP,SHIRT,Shirts,PURPLE,Summer,Formal,Men,OTHER,OTHER,OTHER
3785.jpg,TOP,TSHIRT,Tshirts,BLACK,Summer,Casual,Men,STRIPE,REGULAR,COTTON
5016.jpg,TOP,TSHIRT,Tshirts,BLUE,Summer,Casual,Men,PRINT,REGULAR,COTTON
7573.jpg,TOP,TSHIRT,Tshirts,GREEN,Summer,Sports,Men,SOLID,REGULAR,POLYESTER
12584.jpg,TOP,TSHIRT,Tshirts,GREEN,Fall,Casual,Unisex,PRINT,REGULAR,COTTON
19530.jpg,TOP,KNIT,Sweaters,NAVY,Fall,Casual,Men,OTHER,OTHER,OTHER
19702.jpg,TOP,SHIRT,Shirts,BLUE,Fall,Casual,Men,STRIPE,REGULAR,COTTON
20228.jpg,TOP,KNIT,Sweaters,RED,Fall,Casual,Women,OTHER,OTHER,OTHER
22329.jpg,TOP,KNIT,Sweaters,GRAY,Fall,Casual,Men,OTHER,OTHER,OTHER
18624.jpg,TOP,KNIT,Sweaters,WHITE,Fall,Casual,Men,OTHER,OTHER,OTHER
19957.jpg,TOP,KNIT,Sweaters,GRAY,Fall,Casual,Men,OTHER,OTHER,OTHER
50194.jpg,TOP,TSHIRT,Tshirts,BLACK,Summer,Casual,Boys,OTHER,OTHER,OTHER
26114.jpg,TOP,SHIRT,Shirts,PURPLE,Summer,Formal,Men,OTHER,OTHER,OTHER
12321.jpg,TOP,SHIRT,Shirts,BLUE,Winter,Formal,Men,STRIPE,REGULAR,COTTON
3120.jpg,TOP,TSHIRT,Tshirts,BLUE,Summer,Casual,Men,PRINT,SLIM,COTTON
33492.jpg,TOP,SHIRT,Shirts,BLUE,Summer,Casual,Men,CHECK,REGULAR,COTTON
14082.jpg,TOP,KNIT,Sweaters,BLUE,Fall,Casual,Men,OTHER,OTHER,OTHER
7947.jpg,TOP,TSHIRT,Tshirts,WHITE,Fall,Sports,Men,PRINT,REGULAR,COTTON
8791.jpg,TOP,SHIRT,Shirts,BLUE,Fall,Formal,Men,STRIPE,REGULAR,OTHER
30228.jpg,TOP,SHIRT,Shirts,BLACK,Summer,Formal,Men,STRIPE,REGULAR,COTTON
25504.jpg,TOP,TSHIRT,Tshirts,BLUE,Fall,Casual,Boys,PRINT,REGULAR,COTTON
7143.jpg,TOP,SHIRT,Shirts,BLUE,Fall,Casual,Women,CHECK,REGULAR,COTTON
12988.jpg,TOP,KNIT,Sweaters,BLACK,Fall,Casual,Women,OTHER,OTHER,OTHER
2267.jpg,TOP,TSHIRT,Tshirts,PINK,Fall,Sports,Women,OTHER,REGULAR,Synthetic
17290.jpg,TOP,KNIT,Sweaters,GRAY,Fall,Casual,Men,OTHER,OTHER,OTHER
4190.jpg,TOP,TSHIRT,Tshirts,YELLOW,Summer,Casual,Boys,PRINT,REGULAR,Blended
23638.jpg,TOP,TSHIRT,Tshirts,GREEN,Summer,Casual,Men,PRINT,REGULAR,COTTON
53774.jpg,TOP,TSHIRT,Tshirts,WHITE,Summer,Casual,Men,STRIPE,REGULAR,COTTON
3713.jpg,TOP,TSHIRT,Tshirts,GREEN,Summer,Casual,Men,SOLID,REGULAR,COTTON
9827.jpg,TOP,TSHIRT,Tshirts,WHITE,Fall,Casual,Women,PRINT,REGULAR,COTTON
1612.jpg,TOP,TSHIRT,Tshirts,WHITE,Fall,Casual,Men,STRIPE,REGULAR,COTTON
11397.jpg,TOP,KNIT,Sweaters,BLACK,Fall,Casual,Men,OTHER,OTHER,OTHER
23067.jpg,TOP,KNIT,Sweaters,BROWN,Fall,Casual,Men,OTHER,OTHER,OTHER
7175.jpg,TOP,SHIRT,Shirts,BLACK,Fall,Casual,Men,CHECK,SLIM,OTHER
10048.jpg,TOP,TSHIRT,Tshirts,BLACK,Fall,Casual,Men,PRINT,REGULAR,Synthetic
13853.jpg,TOP,SHIRT,Shirts,PURPLE,Fall,Casual,Men,CHECK,REGULAR,COTTON
9478.jpg,TOP,SHIRT,Shirts,BLACK,Fall,Formal,Men,CHECK,REGULAR,POLYESTER
28671.jpg,TOP,TSHIRT,Tshirts,BLUE,Summer,Casual,Men,PRINT,REGULAR,COTTON
58734.jpg,TOP,TSHIRT,Tshirts,RED,Fall,Sports,Men,PRINT,REGULAR,COTTON
33239.jpg,TOP,SHIRT,Shirts,BLACK,Summer,Formal,Men,STRIPE,SLIM,COTTON
11169.jpg,TOP,KNIT,Sweaters,GREEN,Fall,Casual,Men,OTHER,OTHER,OTHER
19552.jpg,TOP,SWEATSHIRT,Sweatshirts,PURPLE,Fall,Casual,Men,SOLID,OTHER,COTTON
18646.jpg,TOP,SHIRT,Shirts,PURPLE,Fall,Casual,Men,STRIPE,REGULAR,COTTON
3519.jpg,TOP,TSHIRT,Tshirts,WHITE,Summer,Casual,Men,PRINT,REGULAR,COTTON
5884.jpg,TOP,TSHIRT,Tshirts,BLACK,Summer,Casual,Women,OTHER,OTHER,OTHER
9424.jpg,TOP,SHIRT,Shirts,PURPLE,Fall,Formal,Men,SOLID,REGULAR,OTHER
19393.jpg,TOP,KNIT,Sweaters,GREEN,Summer,Casual,Men,OTHER,OTHER,OTHER
19703.jpg,TOP,SHIRT,Shirts,BLACK,Fall,Casual,Men,STRIPE,REGULAR,COTTON
20229.jpg,TOP,KNIT,Sweaters,BLUE,Fall,Casual,Women,OTHER,OTHER,OTHER
22328.jpg,TOP,KNIT,Sweaters,NAVY,Fall,Casual,Men,OTHER,OTHER,OTHER
3777.jpg,TOP,TSHIRT,Tshirts,PINK,Summer,Casual,Men,STRIPE,REGULAR,COTTON
51423.jpg,TOP,SHIRT,Shirts,ORANGE,Summer,Casual,Men,CHECK,REGULAR,COTTON
34040.jpg,TOP,SHIRT,Shirts,RED,Summer,Casual,Boys,CHECK,REGULAR,COTTON
19956.jpg,TOP,KNIT,Sweaters,GREEN,Spring,Casual,Men,SOLID,OTHER,WOOL
25556.jpg,TOP,TSHIRT,Tshirts,PINK,Summer,Casual,Men,PRINT,REGULAR,COTTON
3783.jpg,TOP,TSHIRT,Tshirts,WHITE,Summer,Casual,Men,PRINT,REGULAR,COTTON
19536.jpg,TOP,KNIT,Sweaters,PURPLE,Summer,Casual,Men,OTHER,OTHER,OTHER
16541.jpg,TOP,SHIRT,Shirts,BLACK,Fall,Casual,Men,CHECK,SLIM,COTTON
26112.jpg,TOP,SHIRT,Shirts,PURPLE,Summer,Formal,Men,STRIPE,SLIM,OTHER
7749.jpg,TOP,TSHIRT,Tshirts,PURPLE,Fall,Casual,Men,PRINT,REGULAR,COTTON
16910.jpg,TOP,SWEATSHIRT,Sweatshirts,BLUE,Fall,Casual,Men,PRINT,OTHER,COTTON
9071.jpg,TOP,SHIRT,Shirts,WHITE,Fall,Formal,Men,STRIPE,SLIM,OTHER
3779.jpg,TOP,TSHIRT,Tshirts,BLACK,Summer,Casual,Men,STRIPE,REGULAR,COTTON
43311.jpg,TOP,KNIT,Sweaters,WHITE,Summer,Casual,Women,OTHER,OTHER,OTHER
19967.jpg,TOP,KNIT,Sweaters,RED,Fall,Casual,Men,OTHER,OTHER,OTHER
20227.jpg,TOP,KNIT,Sweaters,GREEN,Fall,Casual,Women,OTHER,OTHER,OTHER
3110.jpg,TOP,TSHIRT,Tshirts,BLACK,Summer,Casual,Men,PRINT,SLIM,COTTON
5489.jpg,TOP,TSHIRT,Tshirts,PURPLE,Summer,Casual,Men,PRINT,REGULAR,COTTON
13459.jpg,TOP,SHIRT,Shirts,BLUE,Summer,Casual,Men,CHECK,REGULAR,COTTON
23207.jpg,TOP,SHIRT,Shirts,BLUE,Fall,Casual,Men,CHECK,REGULAR,COTTON
26123.jpg,TOP,SHIRT,Shirts,BLACK,Summer,Formal,Men,STRIPE,REGULAR,OTHER
9881.jpg,TOP,SHIRT,Shirts,BLACK,Fall,Casual,Men,SOLID,REGULAR,COTTON
7127.jpg,TOP,TSHIRT,Tshirts,ORANGE,Fall,Casual,Men,OTHER,OTHER,OTHER
5442.jpg,TOP,TSHIRT,Tshirts,BLUE,Summer,Casual,Women,STRIPE,REGULAR,OTHER
20220.jpg,TOP,KNIT,Sweaters,NAVY,Fall,Casual,Men,OTHER,OTHER,OTHER
16928.jpg,TOP,KNIT,Sweaters,BLACK,Fall,Casual,Men,OTHER,OTHER,OTHER
2091.jpg,TOP,TSHIRT,Tshirts,RED,Fall,Sports,Men,OTHER,OTHER,OTHER
4968.jpg,TOP,TSHIRT,Tshirts,YELLOW,Summer,Casual,Men,OTHER,REGULAR,COTTON
4359.jpg,TOP,TSHIRT,Tshirts,BLACK,Summer,Casual,Men,PRINT,REGULAR,COTTON
2268.jpg,TOP,SWEATSHIRT,Sweatshirts,GRAY,Fall,Sports,Women,OTHER,OTHER,COTTON
14628.jpg,TOP,SWEATSHIRT,Sweatshirts,BLUE,Fall,Casual,Women,SOLID,OTHER,OTHER
2062.jpg,TOP,TSHIRT,Tshirts,GRAY,Winter,Casual,Men,PRINT,REGULAR,Blended
13051.jpg,TOP,SHIRT,Shirts,BLUE,Fall,Casual,Men,CHECK,REGULAR,COTTON
3520.jpg,TOP,TSHIRT,Tshirts,BLACK,Summer,Casual,Men,PRINT,REGULAR,COTTON
12177.jpg,TOP,SHIRT,Shirts,BLUE,Fall,Casual,Men,SOLID,SLIM,COTTON
4361.jpg,TOP,TSHIRT,Tshirts,BLUE,Summer,Casual,Men,PRINT,REGULAR,COTTON
13852.jpg,TOP,SHIRT,Shirts,BLUE,Fall,Casual,Men,CHECK,REGULAR,COTTON
6099.jpg,TOP,TSHIRT,Tshirts,BLUE,Summer,Casual,Men,OTHER,OTHER,OTHER
2861.jpg,TOP,TSHIRT,Tshirts,GREEN,Summer,Casual,Men,PRINT,REGULAR,COTTON
8338.jpg,TOP,TSHIRT,Tshirts,WHITE,Fall,Casual,Boys,SOLID,REGULAR,COTTON
5427.jpg,TOP,TSHIRT,Tshirts,RED,Summer,Casual,Boys,PRINT,REGULAR,COTTON
16343.jpg,TOP,SHIRT,Shirts,BLUE,Fall,Formal,Men,CHECK,REGULAR,OTHER
11166.jpg,TOP,SHIRT,Shirts,PURPLE,Fall,Formal,Men,SOLID,REGULAR,COTTON
4191.jpg,TOP,TSHIRT,Tshirts,GREEN,Summer,Casual,Boys,PRINT,REGULAR,Blended
2054.jpg,TOP,TSHIRT,Tshirts,RED,Winter,Casual,Men,PRINT,REGULAR,Blended
24275.jpg,TOP,TSHIRT,Tshirts,WHITE,Summer,Casual,Men,PRINT,REGULAR,COTTON
53788.jpg,TOP,TSHIRT,Tshirts,BLUE,Summer,Casual,Men,PRINT,REGULAR,COTTON
12942.jpg,TOP,SHIRT,Shirts,BLUE,Fall,Casual,Men,STRIPE,SLIM,COTTON
3529.jpg,TOP,TSHIRT,Tshirts,NAVY,Summer,Casual,Men,PRINT,REGULAR,COTTON
14083.jpg,TOP,KNIT,Sweaters,PURPLE,Fall,Casual,Women,STRIPE,OTHER,Acrylic
21156.jpg,TOP,SHIRT,Shirts,GRAY,Fall,Casual,Women,STRIPE,REGULAR,OTHER
6063.jpg,TOP,TSHIRT,Tshirts,WHITE,Summer,Casual,Men,OTHER,OTHER,OTHER
31102.jpg,TOP,TSHIRT,Tshirts,RED,Summer,Casual,Boys,PRINT,REGULAR,COTTON
7145.jpg,TOP,SHIRT,Shirts,NAVY,Fall,Casual,Women,CHECK,REGULAR,COTTON
11708.jpg,TOP,SHIRT,Shirts,GREEN,Fall,Casual,Men,CHECK,SLIM,COTTON
14048.jpg,TOP,SHIRT,Shirts,NAVY,Fall,Casual,Men,CHECK,REGULAR,COTTON
39734.jpg,TOP,SHIRT,Shirts,PINK,Summer,Casual,Women,CHECK,REGULAR,COTTON
15585.jpg,TOP,SWEATSHIRT,Sweatshirts,BLUE,Fall,Casual,Men,PRINT,OTHER,COTTON
9639.jpg,TOP,SHIRT,Shirts,BLUE,Fall,Casual,Men,CHECK,REGULAR,COTTON
38803.jpg,TOP,TSHIRT,Tshirts,BLUE,Summer,Casual,Men,PRINT,REGULAR,COTTON
19145.jpg,TOP,SWEATSHIRT,Sweatshirts,RED,Fall,Casual,Men,SOLID,OTHER,COTTON
25921.jpg,TOP,TSHIRT,Tshirts,GREEN,Summer,Casual,Women,OTHER,OTHER,OTHER
13827.jpg,TOP,KNIT,Sweaters,BLACK,Fall,Casual,Men,OTHER,OTHER,OTHER
15318.jpg,TOP,SWEATSHIRT,Sweatshirts,WHITE,Fall,Casual,Men,PRINT,OTHER,Blended
10458.jpg,TOP,TSHIRT,Tshirts,GREEN,Fall,Casual,Men,SOLID,REGULAR,COTTON
9262.jpg,TOP,SHIRT,Shirts,BLUE,Fall,Formal,Men,STRIPE,SLIM,OTHER
12939.jpg,TOP,SHIRT,Shirts,BLACK,Fall,Casual,Men,CHECK,SLIM,COTTON
4313.jpg,TOP,TSHIRT,Tshirts,PINK,Summer,Casual,Unisex,PRINT,REGULAR,COTTON
19519.jpg,TOP,KNIT,Sweaters,BLACK,Fall,Casual,Men,OTHER,OTHER,OTHER
3935.jpg,TOP,TSHIRT,Tshirts,YELLOW,Summer,Casual,Women,PRINT,REGULAR,COTTON
10807.jpg,TOP,SHIRT,Shirts,BLACK,Fall,Casual,Men,STRIPE,REGULAR,COTTON
19526.jpg,TOP,KNIT,Sweaters,BLACK,Summer,Casual,Men,OTHER,OTHER,OTHER
21123.jpg,TOP,KNIT,Sweaters,PURPLE,Fall,Casual,Men,OTHER,OTHER,OTHER
10690.jpg,TOP,TSHIRT,Tshirts,YELLOW,Fall,Casual,Men,PRINT,REGULAR,COTTON
7766.jpg,TOP,TSHIRT,Tshirts,BROWN,Fall,Casual,Men,PRINT,REGULAR,COTTON
27644.jpg,TOP,TSHIRT,Tshirts,GREEN,Summer,Casual,Men,OTHER,OTHER,OTHER
3769.jpg,TOP,TSHIRT,Tshirts,BLUE,Summer,Casual,Men,STRIPE,REGULAR,COTTON
15329.jpg,TOP,KNIT,Sweaters,WHITE,Fall,Sports,Men,OTHER,OTHER,OTHER
9061.jpg,TOP,SHIRT,Shirts,WHITE,Fall,Formal,Men,STRIPE,SLIM,OTHER
31148.jpg,TOP,TSHIRT,Tshirts,WHITE,Summer,Casual,Boys,PRINT,REGULAR,COTTON
11113.jpg,TOP,SHIRT,Shirts,WHITE,Fall,Formal,Men,CHECK,REGULAR,OTHER
19528.jpg,TOP,KNIT,Sweaters,RED,Fall,Casual,Men,OTHER,OTHER,OTHER
5660.jpg,TOP,TSHIRT,Tshirts,NAVY,Summer,Casual,Men,PRINT,REGULAR,COTTON
2683.jpg,TOP,TSHIRT,Tshirts,RED,Summer,Casual,Men,PRINT,REGULAR,COTTON
32954.jpg,TOP,TSHIRT,Tshirts,BLACK,Summer,Casual,Men,PRINT,REGULAR,COTTON
9254.jpg,TOP,SHIRT,Shirts,WHITE,Fall,Formal,Men,SOLID,SLIM,OTHER
43504.jpg,TOP,TSHIRT,Tshirts,BLACK,Summer,Casual,Men,PRINT,REGULAR,COTTON
15183.jpg,TOP,KNIT,Sweaters,BLUE,Fall,Casual,Men,OTHER,OTHER,OTHER
23627.jpg,TOP,TSHIRT,Tshirts,WHITE,Spring,Casual,Men,PRINT,REGULAR,COTTON
23071.jpg,TOP,KNIT,Sweaters,BLACK,Fall,Casual,Men,OTHER,OTHER,OTHER
9469.jpg,TOP,SHIRT,Shirts,WHITE,Fall,Formal,Men,SOLID,REGULAR,POLYESTER
24608.jpg,TOP,SHIRT,Shirts,GREEN,Fall,Casual,Men,SOLID,REGULAR,COTTON
1603.jpg,TOP,SWEATSHIRT,Sweatshirts,NAVY,Fall,Casual,Men,SOLID,OTHER,Blended
4371.jpg,TOP,TSHIRT,Tshirts,GRAY,Summer,Casual,Men,PRINT,REGULAR,COTTON
12731.jpg,TOP,SHIRT,Shirts,GREEN,Fall,Casual,Men,CHECK,REGULAR,COTTON
15342.jpg,TOP,TSHIRT,Tshirts,PINK,Fall,Sports,Women,PRINT,REGULAR,Synthetic
3530.jpg,TOP,TSHIRT,Tshirts,BLACK,Summer,Casual,Men,PRINT,REGULAR,COTTON
43503.jpg,TOP,TSHIRT,Tshirts,GREEN,Summer,Casual,Men,PRINT,REGULAR,COTTON
9655.jpg,TOP,SHIRT,Shirts,BLUE,Fall,Casual,Men,SOLID,SLIM,OTHER
18202.jpg,TOP,SWEATSHIRT,Sweatshirts,GRAY,Fall,Casual,Men,SOLID,OTHER,Blended
38605.jpg,TOP,TSHIRT,Tshirts,YELLOW,Summer,Casual,Men,PRINT,REGULAR,COTTON
12952.jpg,TOP,SHIRT,Shirts,BLUE,Fall,Casual,Men,CHECK,SLIM,COTTON
27887.jpg,TOP,SHIRT,Shirts,WHITE,Summer,Formal,Women,CHECK,REGULAR,POLYESTER
53798.jpg,TOP,TSHIRT,Tshirts,BLACK,Summer,Casual,Men,PRINT,REGULAR,COTTON
2847.jpg,TOP,TSHIRT,Tshirts,PURPLE,Summer,Casual,Men,PRINT,REGULAR,COTTON
21373.jpg,TOP,SWEATSHIRT,Sweatshirts,BLACK,Fall,Casual,Men,PRINT,OTHER,Blended
26390.jpg,TOP,SHIRT,Shirts,PURPLE,Summer,Formal,Men,OTHER,OTHER,OTHER
8774.jpg,TOP,SHIRT,Shirts,BLUE,Fall,Casual,Men,CHECK,REGULAR,COTTON
27874.jpg,TOP,SHIRT,Shirts,BLACK,Summer,Casual,Women,OTHER,OTHER,OTHER
13289.jpg,TOP,SWEATSHIRT,Sweatshirts,BLACK,Fall,Casual,Men,PRINT,OTHER,COTTON
9236.jpg,TOP,SHIRT,Shirts,BROWN,Fall,Formal,Men,STRIPE,SLIM,OTHER
20299.jpg,TOP,KNIT,Sweaters,BLUE,Fall,Casual,Women,OTHER,OTHER,OTHER
19581.jpg,TOP,TSHIRT,Tshirts,WHITE,Summer,Casual,Men,PRINT,REGULAR,COTTON
24853.jpg,TOP,SHIRT,Shirts,WHITE,Summer,Formal,Men,STRIPE,SLIM,OTHER
15989.jpg,TOP,KNIT,Sweaters,WHITE,Fall,Casual,Men,OTHER,OTHER,OTHER
2615.jpg,TOP,TSHIRT,Tshirts,BLUE,Fall,Sports,Men,PRINT,REGULAR,OTHER
11171.jpg,TOP,KNIT,Sweaters,GRAY,Fall,Casual,Men,OTHER,OTHER,OTHER
23047.jpg,TOP,KNIT,Sweaters,GRAY,Fall,Casual,Women,OTHER,OTHER,OTHER
24050.jpg,TOP,TSHIRT,Tshirts,BLUE,Fall,Casual,Men,PRINT,REGULAR,COTTON
24606.jpg,TOP,SWEATSHIRT,Sweatshirts,BLUE,Fall,Casual,Men,PRINT,OTHER,COTTON
37272.jpg,TOP,TSHIRT,Tshirts,BLACK,Summer,Casual,Men,PRINT,REGULAR,COTTON
34067.jpg,TOP,SHIRT,Shirts,WHITE,Summer,Casual,Women,PRINT,REGULAR,POLYESTER
8728.jpg,TOP,SHIRT,Shirts,PURPLE,Fall,Casual,Men,CHECK,REGULAR,COTTON
34403.jpg,TOP,TSHIRT,Tshirts,BLACK,Summer,Casual,Men,PRINT,REGULAR,COTTON
9631.jpg,TOP,SHIRT,Shirts,BLUE,Fall,Casual,Men,STRIPE,REGULAR,OTHER
5834.jpg,TOP,TSHIRT,Tshirts,WHITE,Summer,Sports,Men,OTHER,OTHER,OTHER
13828.jpg,TOP,KNIT,Sweaters,NAVY,Fall,Casual,Men,OTHER,OTHER,OTHER
5202.jpg,TOP,TSHIRT,Tshirts,GREEN,Summer,Casual,Men,PRINT,REGULAR,COTTON
36737.jpg,TOP,TSHIRT,Tshirts,GREEN,Summer,Casual,Women,SOLID,REGULAR,Synthetic
51403.jpg,TOP,SHIRT,Shirts,NAVY,Summer,Casual,Men,CHECK,REGULAR,COTTON
19949.jpg,TOP,SWEATSHIRT,Sweatshirts,PURPLE,Fall,Casual,Men,SOLID,OTHER,Blended
26936.jpg,TOP,TSHIRT,Tshirts,WHITE,Summer,Casual,Women,PRINT,REGULAR,COTTON
52076.jpg,TOP,TSHIRT,Tshirts,GRAY,Summer,Casual,Men,STRIPE,REGULAR,COTTON
8719.jpg,TOP,SHIRT,Shirts,PURPLE,Fall,Casual,Men,STRIPE,REGULAR,COTTON
20032.jpg,TOP,SHIRT,Shirts,WHITE,Summer,Casual,Men,STRIPE,REGULAR,COTTON
19518.jpg,TOP,KNIT,Sweaters,BLUE,Fall,Casual,Men,OTHER,OTHER,OTHER
4315.jpg,TOP,TSHIRT,Tshirts,BROWN,Summer,Casual,Unisex,PRINT,REGULAR,COTTON
26938.jpg,TOP,TSHIRT,Tshirts,BLACK,Summer,Casual,Women,PRINT,REGULAR,COTTON
27210.jpg,TOP,SHIRT,Shirts,GREEN,Summer,Casual,Men,CHECK,REGULAR,COTTON
8148.jpg,TOP,SHIRT,Shirts,BLUE,Summer,Casual,Men,CHECK,SLIM,COTTON
3792.jpg,TOP,TSHIRT,Tshirts,NAVY,Summer,Casual,Men,STRIPE,REGULAR,COTTON
44928.jpg,TOP,SHIRT,Shirts,RED,Summer,Casual,Men,CHECK,REGULAR,COTTON
59452.jpg,TOP,SHIRT,Shirts,BLUE,Fall,Formal,Men,CHECK,SLIM,COTTON
10801.jpg,TOP,SHIRT,Shirts,BLUE,Fall,Casual,Men,CHECK,REGULAR,COTTON
24698.jpg,TOP,SHIRT,Shirts,WHITE,Fall,Casual,Men,CHECK,REGULAR,COTTON
19520.jpg,TOP,KNIT,Sweaters,BLUE,Fall,Casual,Men,OTHER,OTHER,OTHER
20298.jpg,TOP,KNIT,Sweaters,PINK,Fall,Casual,Women,OTHER,OTHER,OTHER
9653.jpg,TOP,SHIRT,Shirts,PURPLE,Fall,Casual,Men,CHECK,SLIM,OTHER
8775.jpg,TOP,SHIRT,Shirts,GREEN,Fall,Casual,Men,CHECK,SLIM,COTTON
14092.jpg,TOP,KNIT,Sweaters,GREEN,Fall,Casual,Women,OTHER,OTHER,OTHER
32762.jpg,TOP,SHIRT,Shirts,BLUE,Summer,Formal,Men,CHECK,REGULAR,OTHER
11170.jpg,TOP,KNIT,Sweaters,YELLOW,Fall,Casual,Men,OTHER,OTHER,OTHER
19325.jpg,TOP,SWEATSHIRT,Sweatshirts,GRAY,Fall,Casual,Men,SOLID,OTHER,Blended
24069.jpg,TOP,SHIRT,Shirts,BLACK,Fall,Casual,Men,CHECK,REGULAR,COTTON
18203.jpg,TOP,SWEATSHIRT,Sweatshirts,BLACK,Fall,Casual,Men,SOLID,OTHER,Blended
9654.jpg,TOP,SHIRT,Shirts,BLUE,Fall,Casual,Men,SOLID,SLIM,COTTON
14061.jpg,TOP,TSHIRT,Tshirts,PURPLE,Fall,Casual,Men,PRINT,REGULAR,COTTON
26365.jpg,TOP,SHIRT,Shirts,WHITE,Summer,,Women,SOLID,REGULAR,OTHER
10435.jpg,TOP,SHIRT,Shirts,RED,Fall,Casual,Men,CHECK,REGULAR,COTTON
12534.jpg,TOP,SWEATSHIRT,Sweatshirts,GRAY,Fall,Casual,Men,PRINT,OTHER,COTTON
9808.jpg,TOP,SHIRT,Shirts,BLUE,Fall,Formal,Men,CHECK,REGULAR,OTHER
23048.jpg,TOP,KNIT,Sweaters,BLACK,Fall,Casual,Women,OTHER,OTHER,OTHER
7357.jpg,TOP,TSHIRT,Tshirts,BEIGE,Fall,Casual,Men,PRINT,REGULAR,COTTON
11387.jpg,TOP,SHIRT,Shirts,BLUE,Fall,Casual,Men,SOLID,REGULAR,OTHER
10255.jpg,TOP,SHIRT,Shirts,BLUE,Fall,Casual,Men,STRIPE,SLIM,COTTON
9239.jpg,TOP,SHIRT,Shirts,GREEN,Fall,Formal,Men,STRIPE,SLIM,OTHER
8788.jpg,TOP,SHIRT,Shirts,WHITE,Fall,Formal,Men,STRIPE,REGULAR,OTHER
5097.jpg,TOP,TSHIRT,Tshirts,WHITE,Summer,Casual,Men,PRINT,OTHER,COTTON
53307.jpg,TOP,TSHIRT,Tshirts,WHITE,Summer,Casual,Men,PRINT,REGULAR,COTTON
11522.jpg,TOP,KNIT,Sweaters,BLUE,Fall,Casual,Men,OTHER,OTHER,OTHER
16023.jpg,TOP,SHIRT,Shirts,GRAY,Fall,Casual,Men,STRIPE,SLIM,COTTON
4205.jpg,TOP,TSHIRT,Tshirts,RED,Summer,Casual,Boys,PRINT,REGULAR,COTTON
17561.jpg,TOP,SHIRT,Shirts,BLUE,Fall,Formal,Men,STRIPE,SLIM,OTHER
9989.jpg,TOP,TSHIRT,Tshirts,BLACK,Fall,Sports,Men,PRINT,REGULAR,Synthetic
17906.jpg,TOP,SWEATSHIRT,Sweatshirts,BLACK,Fall,Casual,Men,PRINT,OTHER,Blended
9945.jpg,TOP,KNIT,Sweaters,NAVY,Fall,Sports,Men,OTHER,OTHER,OTHER
15003.jpg,TOP,KNIT,Sweaters,GRAY,Fall,Casual,Men,OTHER,OTHER,OTHER
34374.jpg,TOP,TSHIRT,Tshirts,ORANGE,Summer,Casual,Men,PRINT,REGULAR,COTTON
29632.jpg,TOP,SHIRT,Shirts,PURPLE,Summer,Formal,Men,OTHER,OTHER,OTHER
24911.jpg,TOP,TSHIRT,Tshirts,GRAY,Summer,Casual,Boys,PRINT,REGULAR,COTTON
17559.jpg,TOP,SHIRT,Shirts,GRAY,Fall,Formal,Men,STRIPE,SLIM,OTHER
38586.jpg,TOP,TSHIRT,Tshirts,PINK,Summer,Casual,Women,PRINT,SLIM,COTTON
5129.jpg,TOP,SHIRT,Shirts,WHITE,Summer,Casual,Women,PRINT,REGULAR,COTTON
16229.jpg,TOP,SWEATSHIRT,Sweatshirts,BLACK,Fall,Casual,Men,PRINT,OTHER,Blended
15035.jpg,TOP,KNIT,Sweaters,PURPLE,Fall,Casual,Women,OTHER,OTHER,OTHER
31092.jpg,TOP,SHIRT,Shirts,RED,Summer,Casual,Boys,SOLID,REGULAR,COTTON
8855.jpg,TOP,SHIRT,Shirts,ORANGE,Fall,Casual,Men,CHECK,SLIM,OTHER
13752.jpg,TOP,SHIRT,Shirts,BLUE,Fall,Formal,Men,CHECK,REGULAR,COTTON
22227.jpg,TOP,TSHIRT,Tshirts,PINK,Fall,Casual,Women,PRINT,REGULAR,COTTON
8290.jpg,TOP,TSHIRT,Tshirts,NAVY,Fall,Casual,Men,OTHER,OTHER,OTHER
48257.jpg,TOP,TSHIRT,Tshirts,RED,Summer,Casual,Boys,PRINT,REGULAR,COTTON
13799.jpg,TOP,KNIT,Sweaters,PURPLE,Fall,Casual,Men,STRIPE,OTHER,Acrylic
15032.jpg,TOP,KNIT,Sweaters,BLUE,Fall,Casual,Women,OTHER,OTHER,OTHER
9974.jpg,TOP,TSHIRT,Tshirts,BLACK,Fall,Sports,Men,SOLID,REGULAR,Blended
12025.jpg,TOP,SHIRT,Shirts,WHITE,Fall,Formal,Men,STRIPE,SLIM,OTHER
3016.jpg,TOP,TSHIRT,Tshirts,BEIGE,Summer,Casual,Men,PRINT,REGULAR,COTTON
26479.jpg,TOP,TSHIRT,Tshirts,BLACK,Summer,Casual,Men,SOLID,OTHER,COTTON
8899.jpg,TOP,SHIRT,Shirts,RED,Fall,Casual,Men,STRIPE,REGULAR,COTTON
14716.jpg,TOP,SHIRT,Shirts,WHITE,Fall,Formal,Men,SOLID,SLIM,COTTON
17193.jpg,TOP,SHIRT,Shirts,NAVY,Winter,Casual,Men,STRIPE,REGULAR,COTTON
43085.jpg,TOP,TSHIRT,Tshirts,YELLOW,Summer,Sports,Women,SOLID,REGULAR,COTTON
3042.jpg,TOP,TSHIRT,Tshirts,BLUE,Fall,Sports,Men,PRINT,REGULAR,POLYESTER
38346.jpg,TOP,TSHIRT,Tshirts,BLUE,Summer,Casual,Boys,PRINT,REGULAR,COTTON
3045.jpg,TOP,TSHIRT,Tshirts,BLACK,Summer,Casual,Men,PRINT,REGULAR,COTTON
16280.jpg,TOP,SWEATSHIRT,Sweatshirts,BLACK,Fall,Casual,Men,PRINT,OTHER,Blended
17194.jpg,TOP,KNIT,Sweaters,BLACK,Fall,Casual,Men,STRIPE,OTHER,COTTON
16274.jpg,TOP,SWEATSHIRT,Sweatshirts,GREEN,Fall,Casual,Men,STRIPE,OTHER,Blended
18313.jpg,TOP,KNIT,Sweaters,GRAY,Spring,Casual,Men,STRIPE,OTHER,COTTON
23952.jpg,TOP,KNIT,Sweaters,BLUE,Fall,Casual,Men,OTHER,OTHER,OTHER
12629.jpg,TOP,TSHIRT,Tshirts,RED,Fall,Casual,Men,PRINT,SLIM,COTTON
17169.jpg,TOP,SHIRT,Shirts,RED,Fall,Casual,Men,CHECK,SLIM,COTTON
8206.jpg,TOP,TSHIRT,Tshirts,BROWN,Summer,Casual,Men,PRINT,REGULAR,COTTON
4400.jpg,TOP,TSHIRT,Tshirts,BLUE,Summer,Casual,Men,PRINT,REGULAR,COTTON
40067.jpg,TOP,TSHIRT,Tshirts,YELLOW,Summer,Casual,Men,PRINT,REGULAR,COTTON
3073.jpg,TOP,TSHIRT,Tshirts,BEIGE,Summer,Casual,Women,PRINT,REGULAR,COTTON
4256.jpg,TOP,TSHIRT,Tshirts,GRAY,Summer,Casual,Men,PRINT,REGULAR,COTTON
13730.jpg,TOP,SHIRT,Shirts,BLUE,Fall,Formal,Men,CHECK,REGULAR,COTTON
7847.jpg,TOP,TSHIRT,Tshirts,BLACK,Fall,Casual,Men,PRINT,REGULAR,COTTON
3279.jpg,TOP,TSHIRT,Tshirts,GRAY,Summer,Casual,Men,PRINT,SLIM,COTTON
22626.jpg,TOP,KNIT,Sweaters,GRAY,Fall,Sports,Men,OTHER,OTHER,OTHER
5979.jpg,TOP,SHIRT,Shirts,BLACK,Summer,Casual,Men,OTHER,OTHER,OTHER
4251.jpg,TOP,TSHIRT,Tshirts,GREEN,Summer,Casual,Men,PRINT,SLIM,COTTON
15606.jpg,TOP,TSHIRT,Tshirts,GRAY,Fall,Casual,Men,PRINT,REGULAR,Synthetic
10374.jpg,TOP,TSHIRT,Tshirts,GREEN,Fall,Casual,Women,SOLID,REGULAR,COTTON
24525.jpg,TOP,SHIRT,Shirts,WHITE,Fall,Casual,Men,SOLID,REGULAR,COTTON
15033.jpg,TOP,KNIT,Sweaters,GRAY,Fall,Casual,Women,OTHER,OTHER,OTHER
31636.jpg,TOP,SHIRT,Shirts,BLACK,Summer,Formal,Men,OTHER,OTHER,OTHER
57424.jpg,TOP,TSHIRT,Tshirts,GRAY,Summer,Casual,Women,PRINT,REGULAR,OTHER
10787.jpg,TOP,SHIRT,Shirts,GREEN,Fall,Casual,Men,CHECK,REGULAR,COTTON
14318.jpg,TOP,KNIT,Sweaters,GRAY,Fall,Casual,Men,OTHER,OTHER,OTHER
8606.jpg,TOP,TSHIRT,Tshirts,RED,Fall,Casual,Men,STRIPE,REGULAR,COTTON
14112.jpg,TOP,SWEATSHIRT,Sweatshirts,GREEN,Fall,Casual,Men,PRINT,OTHER,COTTON
8854.jpg,TOP,SHIRT,Shirts,BLUE,Fall,Casual,Men,STRIPE,SLIM,OTHER
22642.jpg,TOP,SWEATSHIRT,Sweatshirts,BLUE,Fall,Casual,Men,PRINT,OTHER,Blended
17909.jpg,TOP,SWEATSHIRT,Sweatshirts,BLACK,Fall,Casual,Men,PRINT,OTHER,Blended
37532.jpg,TOP,TSHIRT,Tshirts,BLUE,Summer,Casual,Boys,PRINT,REGULAR,COTTON
15034.jpg,TOP,KNIT,Sweaters,NAVY,Fall,Casual,Women,OTHER,OTHER,OTHER
31093.jpg,TOP,SHIRT,Shirts,WHITE,Summer,Casual,Boys,SOLID,REGULAR,COTTON
12023.jpg,TOP,SHIRT,Shirts,WHITE,Fall,Formal,Men,STRIPE,SLIM,OTHER
17551.jpg,TOP,SHIRT,Shirts,PURPLE,Fall,Formal,Men,STRIPE,SLIM,OTHER
16810.jpg,TOP,SHIRT,Shirts,PURPLE,Fall,Casual,Men,CHECK,REGULAR,COTTON
5748.jpg,TOP,TSHIRT,Tshirts,BLUE,Summer,Casual,Men,OTHER,REGULAR,COTTON
48400.jpg,TOP,TSHIRT,Tshirts,WHITE,Summer,Casual,Men,SOLID,REGULAR,COTTON
17936.jpg,TOP,TSHIRT,Tshirts,BLACK,Fall,Casual,Men,SOLID,REGULAR,COTTON
2100.jpg,TOP,SHIRT,Shirts,BROWN,Winter,Casual,Men,CHECK,REGULAR,OTHER
5741.jpg,TOP,TSHIRT,Tshirts,BLUE,Summer,Casual,Men,STRIPE,REGULAR,COTTON
14316.jpg,TOP,SWEATSHIRT,Sweatshirts,NAVY,Fall,Casual,Men,SOLID,OTHER,Blended
8862.jpg,TOP,SHIRT,Shirts,GREEN,Fall,Casual,Men,CHECK,SLIM,OTHER
3442.jpg,TOP,TSHIRT,Tshirts,BLUE,Summer,Sports,Unisex,PRINT,REGULAR,Blended
4203.jpg,TOP,TSHIRT,Tshirts,BLUE,Summer,Casual,Boys,PRINT,REGULAR,COTTON
12471.jpg,TOP,SHIRT,Shirts,WHITE,Fall,Casual,Men,SOLID,SLIM,COTTON
5128.jpg,TOP,SHIRT,Shirts,WHITE,Summer,Casual,Women,PRINT,REGULAR,COTTON
16228.jpg,TOP,SWEATSHIRT,Sweatshirts,GRAY,Fall,Casual,Men,PRINT,OTHER,Blended
26471.jpg,TOP,TSHIRT,Tshirts,NAVY,Summer,Casual,Men,PRINT,REGULAR,COTTON
21466.jpg,TOP,KNIT,Sweaters,BLUE,Winter,Casual,Women,STRIPE,OTHER,POLYESTER
11697.jpg,TOP,SHIRT,Shirts,BLUE,Fall,Casual,Men,CHECK,SLIM,COTTON
14311.jpg,TOP,SWEATSHIRT,Sweatshirts,GRAY,Fall,Casual,Men,SOLID,OTHER,Blended
8865.jpg,TOP,SHIRT,Shirts,PURPLE,Fall,Casual,Men,CHECK,SLIM,OTHER
13997.jpg,TOP,SWEATSHIRT,Sweatshirts,BLUE,Fall,Sports,Men,SOLID,OTHER,Blended
18924.jpg,TOP,TSHIRT,Tshirts,RED,Fall,Casual,Men,OTHER,REGULAR,COTTON
24524.jpg,TOP,SHIRT,Shirts,BLACK,Fall,Casual,Men,SOLID,REGULAR,COTTON
22627.jpg,TOP,KNIT,Sweaters,WHITE,Fall,Sports,Men,OTHER,OTHER,OTHER
6197.jpg,TOP,TSHIRT,Tshirts,GREEN,Summer,Casual,Men,OTHER,OTHER,OTHER
2153.jpg,TOP,TSHIRT,Tshirts,NAVY,Spring,Casual,Men,SOLID,REGULAR,COTTON
8207.jpg,TOP,TSHIRT,Tshirts,RED,Summer,Casual,Men,PRINT,REGULAR,COTTON
17168.jpg,TOP,SHIRT,Shirts,YELLOW,Fall,Casual,Men,CHECK,OTHER,COTTON
18312.jpg,TOP,KNIT,Sweaters,GRAY,Summer,Casual,Men,OTHER,OTHER,OTHER
14987.jpg,TOP,SWEATSHIRT,Sweatshirts,BLACK,Fall,Casual,Men,SOLID,OTHER,Blended
37796.jpg,TOP,SHIRT,Shirts,BLUE,Summer,Formal,Men,CHECK,REGULAR,COTTON
2154.jpg,TOP,TSHIRT,Tshirts,WHITE,Spring,Casual,Men,SOLID,REGULAR,COTTON
11402.jpg,TOP,SWEATSHIRT,Sweatshirts,BLACK,Fall,Casual,Men,PRINT,OTHER,COTTON
6164.jpg,TOP,TSHIRT,Tshirts,RED,Summer,Casual,Men,OTHER,REGULAR,COTTON
3416.jpg,TOP,TSHIRT,Tshirts,BLUE,Summer,Casual,Men,PRINT,REGULAR,COTTON
26274.jpg,TOP,TSHIRT,Tshirts,MULTI,Summer,Casual,Men,SOLID,REGULAR,COTTON
18923.jpg,TOP,SHIRT,Shirts,RED,Fall,Casual,Women,CHECK,REGULAR,COTTON
10372.jpg,TOP,TSHIRT,Tshirts,BEIGE,Fall,Casual,Men,PRINT,REGULAR,COTTON
5976.jpg,TOP,SHIRT,Shirts,RED,Summer,Casual,Men,OTHER,OTHER,OTHER
19692.jpg,TOP,SHIRT,Shirts,BLACK,Fall,Casual,Men,SOLID,REGULAR,COTTON
46353.jpg,TOP,SHIRT,Shirts,BLUE,Summer,Casual,Men,STRIPE,REGULAR,COTTON
16275.jpg,TOP,SWEATSHIRT,Sweatshirts,BLACK,Fall,Casual,Men,STRIPE,OTHER,Blended
5949.jpg,TOP,SHIRT,Shirts,RED,Summer,Casual,Men,OTHER,OTHER,OTHER
17195.jpg,TOP,KNIT,Sweaters,GREEN,Winter,Casual,Men,OTHER,OTHER,OTHER
53211.jpg,TOP,SHIRT,Shirts,BLUE,Summer,Formal,Men,STRIPE,SLIM,OTHER
3044.jpg,TOP,TSHIRT,Tshirts,BLUE,Summer,Casual,Men,PRINT,REGULAR,COTTON
12245.jpg,TOP,SHIRT,Shirts,RED,Winter,Formal,Men,SOLID,REGULAR,COTTON
26048.jpg,TOP,SHIRT,Shirts,GRAY,Summer,Formal,Men,SOLID,REGULAR,OTHER
40057.jpg,TOP,TSHIRT,Tshirts,BLUE,Summer,Casual,Men,PRINT,REGULAR,COTTON
3285.jpg,TOP,TSHIRT,Tshirts,YELLOW,Summer,Casual,Men,PRINT,SLIM,COTTON
5172.jpg,TOP,TSHIRT,Tshirts,ORANGE,Summer,Casual,Women,PRINT,REGULAR,COTTON
22611.jpg,TOP,TSHIRT,Tshirts,GREEN,Fall,Sports,Men,SOLID,REGULAR,POLYESTER
16424.jpg,TOP,TSHIRT,Tshirts,BLUE,Fall,Casual,Men,PRINT,REGULAR,COTTON
23143.jpg,TOP,SWEATSHIRT,Sweatshirts,MULTI,Fall,Casual,Women,SOLID,OTHER,POLYESTER
30302.jpg,TOP,TSHIRT,Tshirts,WHITE,Summer,Casual,Men,PRINT,REGULAR,COTTON
36001.jpg,TOP,TSHIRT,Tshirts,ORANGE,Summer,Casual,Boys,PRINT,REGULAR,COTTON
16634.jpg,TOP,TSHIRT,Tshirts,GREEN,Summer,Casual,Men,PRINT,REGULAR,COTTON
11075.jpg,TOP,KNIT,Sweaters,BLUE,Fall,Casual,Men,OTHER,OTHER,OTHER
4082.jpg,TOP,TSHIRT,Tshirts,BEIGE,Summer,Casual,Men,OTHER,OTHER,OTHER
37785.jpg,TOP,SHIRT,Shirts,BLUE,Summer,Casual,Men,OTHER,SLIM,COTTON
19816.jpg,TOP,SWEATSHIRT,Sweatshirts,GRAY,Fall,Casual,Men,SOLID,OTHER,Blended
31640.jpg,TOP,SHIRT,Shirts,BLUE,Summer,Casual,Men,OTHER,OTHER,OTHER
14994.jpg,TOP,KNIT,Sweaters,BLACK,Fall,Casual,Men,OTHER,OTHER,OTHER
9590.jpg,TOP,SHIRT,Shirts,WHITE,Fall,Formal,Men,SOLID,REGULAR,COTTON
11278.jpg,TOP,TSHIRT,Tshirts,GREEN,Fall,Casual,Men,PRINT,REGULAR,COTTON
20369.jpg,TOP,SHIRT,Shirts,RED,Summer,Casual,Men,CHECK,REGULAR,OTHER
30795.jpg,TOP,SHIRT,Shirts,YELLOW,Summer,Casual,Men,STRIPE,REGULAR,OTHER
37782.jpg,TOP,SHIRT,Shirts,WHITE,Summer,Casual,Men,STRIPE,SLIM,COTTON
20197.jpg,TOP,SWEATSHIRT,Sweatshirts,GRAY,Fall,Casual,Men,OTHER,OTHER,OTHER
46385.jpg,TOP,TSHIRT,Tshirts,GREEN,Summer,Casual,Men,PRINT,REGULAR,COTTON
37544.jpg,TOP,TSHIRT,Tshirts,BLUE,Summer,Casual,Boys,PRINT,REGULAR,COTTON
23144.jpg,TOP,SWEATSHIRT,Sweatshirts,BROWN,Fall,Casual,Women,SOLID,OTHER,POLYESTER
17940.jpg,TOP,TSHIRT,Tshirts,GREEN,Fall,Casual,Men,PRINT,REGULAR,COTTON
32464.jpg,TOP,TSHIRT,Tshirts,BLACK,Summer,Casual,Men,PRINT,REGULAR,COTTON
19818.jpg,TOP,SWEATSHIRT,Sweatshirts,GREEN,Fall,Casual,Men,SOLID,OTHER,COTTON
44883.jpg,TOP,TSHIRT,Tshirts,GRAY,Summer,Casual,Men,STRIPE,REGULAR,COTTON
30106.jpg,TOP,SHIRT,Shirts,NAVY,Summer,Casual,Men,SOLID,REGULAR,COTTON
26063.jpg,TOP,SHIRT,Shirts,BLUE,Summer,Formal,Men,STRIPE,SLIM,OTHER
17172.jpg,TOP,SHIRT,Shirts,BLUE,Fall,Casual,Men,CHECK,SLIM,COTTON
15625.jpg,TOP,SWEATSHIRT,Sweatshirts,GRAY,Summer,Casual,Men,SOLID,OTHER,COTTON
2343.jpg,TOP,TSHIRT,Tshirts,GREEN,Fall,Casual,Men,OTHER,OTHER,OTHER
4843.jpg,TOP,TSHIRT,Tshirts,BLACK,Summer,Sports,Women,PRINT,REGULAR,COTTON
20199.jpg,TOP,SWEATSHIRT,Sweatshirts,NAVY,Fall,Casual,Men,OTHER,OTHER,OTHER
31649.jpg,TOP,SHIRT,Shirts,BLUE,Summer,Formal,Men,OTHER,OTHER,OTHER
13519.jpg,TOP,SWEATSHIRT,Sweatshirts,WHITE,Fall,Casual,Men,STRIPE,OTHER,COTTON
12659.jpg,TOP,SHIRT,Shirts,WHITE,Fall,Casual,Men,STRIPE,SLIM,COTTON
48245.jpg,TOP,TSHIRT,Tshirts,BLACK,Summer,Casual,Boys,PRINT,REGULAR,COTTON
9961.jpg,TOP,TSHIRT,Tshirts,WHITE,Fall,Sports,Men,PRINT,REGULAR,Synthetic
9539.jpg,TOP,TSHIRT,Tshirts,BLUE,Summer,Sports,Men,PRINT,REGULAR,Synthetic
2125.jpg,TOP,SHIRT,Shirts,WHITE,Winter,Casual,Women,OTHER,REGULAR,COTTON
14101.jpg,TOP,TSHIRT,Tshirts,WHITE,Fall,Casual,Men,PRINT,REGULAR,COTTON
7837.jpg,TOP,TSHIRT,Tshirts,PURPLE,Fall,Casual,Men,SOLID,REGULAR,COTTON
43498.jpg,TOP,TSHIRT,Tshirts,GRAY,Summer,Casual,Men,PRINT,REGULAR,COTTON
23119.jpg,TOP,SWEATSHIRT,Sweatshirts,GRAY,Fall,Casual,Men,SOLID,OTHER,POLYESTER
10794.jpg,TOP,SHIRT,Shirts,NAVY,Fall,Casual,Men,CHECK,REGULAR,COTTON
41304.jpg,TOP,SHIRT,Shirts,WHITE,Summer,Casual,Boys,CHECK,REGULAR,COTTON
7450.jpg,TOP,TSHIRT,Tshirts,WHITE,Summer,Casual,Men,STRIPE,REGULAR,COTTON
24303.jpg,TOP,SWEATSHIRT,Sweatshirts,GRAY,Fall,Casual,Men,PRINT,OTHER,COTTON
17545.jpg,TOP,SHIRT,Shirts,BROWN,Fall,Formal,Men,STRIPE,SLIM,OTHER
6320.jpg,TOP,SHIRT,Shirts,GRAY,Summer,Casual,Men,OTHER,OTHER,OTHER
7801.jpg,TOP,TSHIRT,Tshirts,NAVY,Fall,Casual,Men,SOLID,REGULAR,COTTON
15029.jpg,TOP,SWEATSHIRT,Sweatshirts,PURPLE,Fall,Casual,Women,STRIPE,OTHER,COTTON
59306.jpg,TOP,TSHIRT,Tshirts,WHITE,Winter,Casual,Men,SOLID,REGULAR,COTTON
15016.jpg,TOP,SWEATSHIRT,Sweatshirts,GRAY,Fall,Sports,Men,SOLID,OTHER,Blended
6772.jpg,TOP,SHIRT,Shirts,GREEN,Summer,Casual,Men,OTHER,OTHER,OTHER
18731.jpg,TOP,KNIT,Sweaters,NAVY,Fall,Casual,Women,OTHER,OTHER,OTHER
37984.jpg,TOP,TSHIRT,Tshirts,BLACK,Summer,Casual,Men,SOLID,REGULAR,COTTON
1762.jpg,TOP,TSHIRT,Tshirts,BLUE,Fall,Sports,Women,PRINT,OTHER,Synthetic
3207.jpg,TOP,TSHIRT,Tshirts,BLACK,Summer,Casual,Women,PRINT,REGULAR,COTTON
24756.jpg,TOP,KNIT,Sweaters,GREEN,Fall,Casual,Men,OTHER,OTHER,OTHER
20302.jpg,TOP,KNIT,Sweaters,BLUE,Fall,Casual,Women,OTHER,OTHER,OTHER
8871.jpg,TOP,SHIRT,Shirts,BLUE,Fall,Casual,Men,CHECK,SLIM,OTHER
19842.jpg,TOP,SHIRT,Shirts,RED,Fall,Casual,Men,STRIPE,REGULAR,COTTON
23180.jpg,TOP,SHIRT,Shirts,WHITE,Fall,Formal,Men,CHECK,SLIM,COTTON
8812.jpg,TOP,SHIRT,Shirts,GREEN,Fall,Casual,Men,CHECK,SLIM,COTTON
41967.jpg,TOP,TSHIRT,Tshirts,WHITE,Summer,Casual,Boys,PRINT,REGULAR,COTTON
13940.jpg,TOP,SHIRT,Shirts,GRAY,Fall,Casual,Men,CHECK,REGULAR,COTTON
10993.jpg,TOP,TSHIRT,Tshirts,GRAY,Fall,Casual,Men,PRINT,REGULAR,COTTON
5964.jpg,TOP,SHIRT,Shirts,BLUE,Summer,Casual,Men,OTHER,OTHER,OTHER
13518.jpg,TOP,SHIRT,Shirts,BLUE,Fall,Casual,Men,STRIPE,SLIM,COTTON
2973.jpg,TOP,TSHIRT,Tshirts,YELLOW,Fall,Casual,Men,PRINT,REGULAR,COTTON
20198.jpg,TOP,SWEATSHIRT,Sweatshirts,BLUE,Fall,Casual,Men,SOLID,OTHER,COTTON
26401.jpg,TOP,SHIRT,Shirts,RED,Summer,Casual,Men,CHECK,REGULAR,COTTON
12634.jpg,TOP,TSHIRT,Tshirts,RED,Fall,Casual,Men,PRINT,SLIM,COTTON
26065.jpg,TOP,SHIRT,Shirts,BLACK,Summer,Formal,Men,CHECK,REGULAR,OTHER
16052.jpg,TOP,SHIRT,Shirts,WHITE,Fall,Casual,Men,STRIPE,REGULAR,COTTON
8472.jpg,TOP,SHIRT,Shirts,BLUE,Fall,Casual,Women,STRIPE,REGULAR,COTTON
19819.jpg,TOP,SWEATSHIRT,Sweatshirts,BLUE,Fall,Casual,Men,SOLID,OTHER,COTTON
2974.jpg,TOP,TSHIRT,Tshirts,GREEN,Fall,Casual,Women,PRINT,REGULAR,COTTON
41960.jpg,TOP,SHIRT,Shirts,RED,Summer,Casual,Boys,CHECK,OTHER,COTTON
26261.jpg,TOP,TSHIRT,Tshirts,BEIGE,Summer,Casual,Men,SOLID,REGULAR,COTTON
12266.jpg,TOP,SHIRT,Shirts,BLUE,Winter,Formal,Men,SOLID,REGULAR,COTTON
7291.jpg,TOP,TSHIRT,Tshirts,BROWN,Fall,Casual,Men,PRINT,REGULAR,COTTON
23145.jpg,TOP,SWEATSHIRT,Sweatshirts,WHITE,Fall,Casual,Women,SOLID,OTHER,POLYESTER
11073.jpg,TOP,KNIT,Sweaters,BLACK,Fall,Casual,Men,OTHER,OTHER,OTHER
30794.jpg,TOP,SHIRT,Shirts,WHITE,Summer,Ethnic,Men,PRINT,REGULAR,COTTON
22407.jpg,TOP,SHIRT,Shirts,WHITE,Fall,Casual,Men,STRIPE,SLIM,OTHER
11246.jpg,TOP,SWEATSHIRT,Sweatshirts,GRAY,Fall,Sports,Unisex,SOLID,OTHER,COTTON
19817.jpg,TOP,SWEATSHIRT,Sweatshirts,BLUE,Winter,Casual,Men,SOLID,OTHER,COTTON
11074.jpg,TOP,KNIT,Sweaters,BLACK,Fall,Casual,Men,OTHER,OTHER,OTHER
3060.jpg,TOP,TSHIRT,Tshirts,BEIGE,Summer,Casual,Men,PRINT,REGULAR,COTTON
18931.jpg,TOP,TSHIRT,Tshirts,BLUE,Fall,Casual,Men,PRINT,REGULAR,COTTON
23142.jpg,TOP,SWEATSHIRT,Sweatshirts,RED,Fall,Casual,Men,SOLID,OTHER,POLYESTER
33586.jpg,TOP,TSHIRT,Tshirts,PURPLE,Summer,Casual,Men,PRINT,REGULAR,COTTON
18569.jpg,TOP,KNIT,Sweaters,RED,Fall,Casual,Men,OTHER,OTHER,OTHER
18764.jpg,TOP,SHIRT,Shirts,PURPLE,Fall,Casual,Women,STRIPE,REGULAR,COTTON
3863.jpg,TOP,TSHIRT,Tshirts,GREEN,Summer,Casual,Men,OTHER,OTHER,OTHER
38595.jpg,TOP,TSHIRT,Tshirts,PURPLE,Summer,Casual,Women,PRINT,SLIM,COTTON
19424.jpg,TOP,TSHIRT,Tshirts,GREEN,Summer,Casual,Men,OTHER,OTHER,OTHER
18730.jpg,TOP,KNIT,Sweaters,BROWN,Fall,Casual,Women,OTHER,OTHER,OTHER
7004.jpg,TOP,TSHIRT,Tshirts,BLUE,Summer,Casual,Men,OTHER,REGULAR,COTTON
11676.jpg,TOP,SHIRT,Shirts,BLUE,Fall,Casual,Men,CHECK,SLIM,COTTON
27542.jpg,TOP,SHIRT,Shirts,BLACK,Summer,Casual,Men,OTHER,OTHER,OTHER
18965.jpg,TOP,SWEATSHIRT,Sweatshirts,PINK,Fall,Casual,Women,SOLID,OTHER,COTTON
9956.jpg,TOP,TSHIRT,Tshirts,BLUE,Fall,Sports,Men,SOLID,REGULAR,Synthetic
12007.jpg,TOP,SHIRT,Shirts,PURPLE,Fall,Formal,Men,STRIPE,SLIM,OTHER
35877.jpg,TOP,TSHIRT,Tshirts,YELLOW,Summer,Casual,Boys,PRINT,REGULAR,COTTON
2788.jpg,TOP,TSHIRT,Tshirts,YELLOW,Summer,Casual,Men,PRINT,REGULAR,COTTON
16833.jpg,TOP,TSHIRT,Tshirts,BLUE,Fall,Casual,Women,PRINT,REGULAR,COTTON
10565.jpg,TOP,TSHIRT,Tshirts,BLACK,Fall,Casual,Men,SOLID,OTHER,COTTON
9951.jpg,TOP,TSHIRT,Tshirts,BLUE,Summer,Casual,Women,OTHER,OTHER,COTTON
24562.jpg,TOP,SHIRT,Shirts,BLUE,Summer,Casual,Men,CHECK,SLIM,OTHER
26497.jpg,TOP,TSHIRT,Tshirts,WHITE,Summer,Casual,Men,PRINT,REGULAR,COTTON
2743.jpg,TOP,TSHIRT,Tshirts,WHITE,Summer,Casual,Men,OTHER,OTHER,OTHER
17923.jpg,TOP,SWEATSHIRT,Sweatshirts,BLACK,Fall,Casual,Women,SOLID,OTHER,COTTON
16039.jpg,TOP,SHIRT,Shirts,GREEN,Fall,Casual,Men,CHECK,REGULAR,COTTON
29280.jpg,TOP,SHIRT,Shirts,RED,Summer,Casual,Men,CHECK,REGULAR,COTTON
10598.jpg,TOP,SHIRT,Shirts,BLUE,Fall,Casual,Women,SOLID,REGULAR,COTTON
11475.jpg,TOP,SHIRT,Shirts,ORANGE,Fall,Casual,Women,CHECK,REGULAR,COTTON
6789.jpg,TOP,SHIRT,Shirts,GREEN,Summer,Casual,Men,CHECK,REGULAR,COTTON
2329.jpg,TOP,TSHIRT,Tshirts,GRAY,Fall,Casual,Men,PRINT,REGULAR,OTHER
16233.jpg,TOP,SWEATSHIRT,Sweatshirts,GRAY,Fall,Casual,Men,SOLID,OTHER,Blended
33948.jpg,TOP,TSHIRT,Tshirts,BLUE,Summer,Casual,Men,STRIPE,REGULAR,POLYESTER
2786.jpg,TOP,TSHIRT,Tshirts,WHITE,Summer,Casual,Men,PRINT,REGULAR,COTTON
7988.jpg,TOP,TSHIRT,Tshirts,YELLOW,Fall,Sports,Men,PRINT,REGULAR,Synthetic
26376.jpg,TOP,SHIRT,Shirts,BLUE,Summer,Formal,Men,SOLID,REGULAR,COTTON
14086.jpg,TOP,KNIT,Sweaters,GRAY,Fall,Casual,Men,OTHER,OTHER,OTHER
15968.jpg,TOP,SHIRT,Shirts,BLACK,Fall,Casual,Men,CHECK,SLIM,COTTON
7140.jpg,TOP,SHIRT,Shirts,BLUE,Fall,Casual,Women,CHECK,REGULAR,COTTON
11356.jpg,TOP,TSHIRT,Tshirts,PINK,Fall,Casual,Women,PRINT,REGULAR,COTTON
13401.jpg,TOP,SHIRT,Shirts,RED,Summer,Casual,Men,CHECK,REGULAR,COTTON
1886.jpg,TOP,TSHIRT,Tshirts,GRAY,Winter,Casual,Men,PRINT,REGULAR,COTTON
14623.jpg,TOP,SHIRT,Shirts,GRAY,Fall,Casual,Men,OTHER,OTHER,OTHER
31100.jpg,TOP,SHIRT,Shirts,NAVY,Summer,Casual,Boys,CHECK,REGULAR,COTTON
24042.jpg,TOP,TSHIRT,Tshirts,BLACK,Fall,Casual,Men,PRINT,REGULAR,COTTON
27866.jpg,TOP,SHIRT,Shirts,PURPLE,Summer,Casual,Women,OTHER,OTHER,OTHER
24841.jpg,TOP,TSHIRT,Tshirts,YELLOW,Summer,Casual,Women,PRINT,REGULAR,COTTON
13895.jpg,TOP,SHIRT,Shirts,YELLOW,Fall,Casual,Men,STRIPE,REGULAR,COTTON
27892.jpg,TOP,SHIRT,Shirts,BLACK,Summer,Formal,Women,STRIPE,REGULAR,COTTON
22383.jpg,TOP,SHIRT,Shirts,WHITE,Fall,Casual,Men,STRIPE,SLIM,OTHER
21162.jpg,TOP,KNIT,Sweaters,PINK,Fall,Casual,Women,OTHER,OTHER,OTHER
19551.jpg,TOP,SWEATSHIRT,Sweatshirts,BLUE,Summer,Casual,Men,SOLID,OTHER,COTTON
37804.jpg,TOP,SHIRT,Shirts,NAVY,Summer,Formal,Men,SOLID,REGULAR,Cotton Linen
53313.jpg,TOP,TSHIRT,Tshirts,NAVY,Summer,Casual,Men,PRINT,REGULAR,COTTON
22384.jpg,TOP,SHIRT,Shirts,BLUE,Fall,Casual,Men,STRIPE,SLIM,OTHER
8591.jpg,TOP,SHIRT,Shirts,PURPLE,Fall,Casual,Men,CHECK,SLIM,COTTON
3945.jpg,TOP,TSHIRT,Tshirts,WHITE,Summer,Casual,Women,PRINT,REGULAR,COTTON
58730.jpg,TOP,TSHIRT,Tshirts,GREEN,Summer,Casual,Women,STRIPE,REGULAR,COTTON
8155.jpg,TOP,SHIRT,Shirts,BLUE,Summer,Casual,Men,CHECK,SLIM,COTTON
16912.jpg,TOP,TSHIRT,Tshirts,GREEN,Fall,Casual,Men,PRINT,REGULAR,COTTON
12313.jpg,TOP,SHIRT,Shirts,PURPLE,Fall,Formal,Men,STRIPE,SLIM,COTTON
6004.jpg,TOP,SHIRT,Shirts,BLUE,Summer,Casual,Men,OTHER,OTHER,OTHER
13497.jpg,TOP,TSHIRT,Tshirts,BLUE,Fall,Casual,Men,PRINT,REGULAR,COTTON
52053.jpg,TOP,TSHIRT,Tshirts,BLACK,Summer,Casual,Men,SOLID,REGULAR,COTTON
19965.jpg,TOP,KNIT,Sweaters,BLACK,Fall,Casual,Men,OTHER,OTHER,OTHER
43313.jpg,TOP,KNIT,Sweaters,BLUE,Summer,Casual,Women,OTHER,OTHER,OTHER
20225.jpg,TOP,KNIT,Sweaters,RED,Fall,Casual,Women,OTHER,OTHER,OTHER
5827.jpg,TOP,TSHIRT,Tshirts,GRAY,Summer,Casual,Men,PRINT,REGULAR,COTTON
8152.jpg,TOP,SHIRT,Shirts,BLUE,Summer,Casual,Men,CHECK,SLIM,COTTON
9246.jpg,TOP,SHIRT,Shirts,BLUE,Fall,Formal,Men,STRIPE,SLIM,OTHER
34410.jpg,TOP,TSHIRT,Tshirts,BLACK,Summer,Casual,Men,PRINT,REGULAR,COTTON
5818.jpg,TOP,TSHIRT,Tshirts,WHITE,Summer,Casual,Men,PRINT,REGULAR,COTTON
19962.jpg,TOP,KNIT,Sweaters,GRAY,Fall,Casual,Men,OTHER,OTHER,OTHER
43314.jpg,TOP,KNIT,Sweaters,YELLOW,Summer,Casual,Women,OTHER,OTHER,OTHER
51417.jpg,TOP,SHIRT,Shirts,BLUE,Summer,Casual,Men,SOLID,REGULAR,COTTON
15555.jpg,TOP,KNIT,Sweaters,GRAY,Fall,Casual,Men,OTHER,OTHER,OTHER
19701.jpg,TOP,SHIRT,Shirts,BLUE,Fall,Casual,Men,STRIPE,REGULAR,COTTON
44904.jpg,TOP,TSHIRT,Tshirts,NAVY,Summer,Casual,Men,PRINT,REGULAR,COTTON
24029.jpg,TOP,TSHIRT,Tshirts,GRAY,Summer,Casual,Men,PRINT,REGULAR,COTTON
40934.jpg,TOP,SHIRT,Shirts,WHITE,Summer,Casual,Boys,PRINT,REGULAR,COTTON
29352.jpg,TOP,TSHIRT,Tshirts,NAVY,Summer,Casual,Men,PRINT,SLIM,COTTON
8190.jpg,TOP,SHIRT,Shirts,BLACK,Summer,Casual,Men,SOLID,SLIM,COTTON
19954.jpg,TOP,KNIT,Sweaters,RED,Fall,Casual,Men,OTHER,OTHER,OTHER
6207.jpg,TOP,TSHIRT,Tshirts,WHITE,Summer,Casual,Men,OTHER,REGULAR,COTTON
51421.jpg,TOP,SHIRT,Shirts,BLUE,Summer,Casual,Men,CHECK,REGULAR,COTTON
9879.jpg,TOP,SHIRT,Shirts,BLUE,Fall,Casual,Men,STRIPE,REGULAR,COTTON
16924.jpg,TOP,SHIRT,Shirts,BROWN,Fall,Casual,Men,CHECK,REGULAR,COTTON
8163.jpg,TOP,SHIRT,Shirts,RED,Summer,Casual,Men,CHECK,SLIM,COTTON
51426.jpg,TOP,SHIRT,Shirts,WHITE,Summer,Casual,Men,CHECK,REGULAR,COTTON
16543.jpg,TOP,SHIRT,Shirts,RED,Fall,Casual,Men,STRIPE,SLIM,COTTON
31361.jpg,TOP,TSHIRT,Tshirts,GRAY,Summer,Casual,Men,PRINT,REGULAR,COTTON
19953.jpg,TOP,KNIT,Sweaters,BLACK,Fall,Casual,Men,OTHER,OTHER,OTHER
7177.jpg,TOP,SHIRT,Shirts,BLUE,Fall,Casual,Men,CHECK,REGULAR,COTTON
12180.jpg,TOP,SHIRT,Shirts,WHITE,Fall,Casual,Men,CHECK,SLIM,COTTON
57110.jpg,TOP,SHIRT,Shirts,BLUE,Summer,Casual,Women,SOLID,REGULAR,COTTON
40153.jpg,TOP,TSHIRT,Tshirts,BLACK,Summer,Casual,Boys,STRIPE,OTHER,COTTON
21164.jpg,TOP,SHIRT,Shirts,BLUE,Fall,Casual,Women,CHECK,REGULAR,COTTON
2095.jpg,TOP,SHIRT,Shirts,BLUE,Winter,Casual,Men,CHECK,REGULAR,OTHER
34019.jpg,TOP,TSHIRT,Tshirts,BLACK,Summer,Casual,Boys,PRINT,REGULAR,COTTON
10882.jpg,TOP,TSHIRT,Tshirts,BLUE,Fall,Casual,Men,PRINT,REGULAR,COTTON
38618.jpg,TOP,TSHIRT,Tshirts,WHITE,Summer,Casual,Men,PRINT,REGULAR,COTTON
17257.jpg,TOP,TSHIRT,Tshirts,BLACK,Fall,Casual,Men,PRINT,REGULAR,COTTON
2092.jpg,TOP,TSHIRT,Tshirts,BLUE,Fall,Sports,Men,OTHER,OTHER,OTHER
3524.jpg,TOP,TSHIRT,Tshirts,BLACK,Summer,Casual,Men,PRINT,REGULAR,COTTON
11530.jpg,TOP,SWEATSHIRT,Sweatshirts,GREEN,Fall,Casual,Men,PRINT,OTHER,OTHER
1889.jpg,TOP,TSHIRT,Tshirts,NAVY,Winter,Casual,Men,PRINT,REGULAR,COTTON
36312.jpg,TOP,TSHIRT,Tshirts,NAVY,Summer,Casual,Boys,PRINT,REGULAR,COTTON
4391.jpg,TOP,TSHIRT,Tshirts,GRAY,Summer,Casual,Men,PRINT,REGULAR,COTTON
15967.jpg,TOP,SHIRT,Shirts,RED,Fall,Casual,Men,CHECK,SLIM,COTTON
14089.jpg,TOP,KNIT,Sweaters,BLACK,Fall,Casual,Men,OTHER,OTHER,OTHER
53118.jpg,TOP,TSHIRT,Tshirts,PINK,Summer,Casual,Women,PRINT,REGULAR,COTTON
5886.jpg,TOP,TSHIRT,Tshirts,BLACK,Summer,Casual,Men,OTHER,OTHER,COTTON
15993.jpg,TOP,SHIRT,Shirts,BLUE,Fall,Casual,Men,CHECK,SLIM,COTTON
19550.jpg,TOP,SWEATSHIRT,Sweatshirts,BLACK,Fall,Casual,Men,SOLID,OTHER,COTTON
14080.jpg,TOP,KNIT,Sweaters,PURPLE,Fall,Casual,Men,OTHER,OTHER,OTHER
4353.jpg,TOP,TSHIRT,Tshirts,GRAY,Summer,Casual,Men,PRINT,REGULAR,COTTON
24285.jpg,TOP,SHIRT,Shirts,GRAY,Summer,Casual,Men,SOLID,REGULAR,COTTON
2050.jpg,TOP,SHIRT,Shirts,BLACK,Winter,Casual,Men,SOLID,REGULAR,COTTON
34028.jpg,TOP,SHIRT,Shirts,BLACK,Summer,Casual,Boys,CHECK,REGULAR,COTTON
2601.jpg,TOP,TSHIRT,Tshirts,RED,Fall,Sports,Men,STRIPE,REGULAR,Synthetic
16340.jpg,TOP,SHIRT,Shirts,RED,Fall,Formal,Men,STRIPE,REGULAR,COTTON
2265.jpg,TOP,TSHIRT,Tshirts,ORANGE,Fall,Sports,Women,SOLID,REGULAR,POLYESTER
33235.jpg,TOP,SHIRT,Shirts,BLUE,Summer,Formal,Men,CHECK,REGULAR,COTTON
51473.jpg,TOP,TSHIRT,Tshirts,RED,Summer,Casual,Men,PRINT,REGULAR,COTTON
22378.jpg,TOP,SHIRT,Shirts,PURPLE,Fall,Casual,Men,STRIPE,SLIM,OTHER
13867.jpg,TOP,SHIRT,Shirts,RED,Fall,Casual,Men,CHECK,SLIM,COTTON
12941.jpg,TOP,SHIRT,Shirts,BLUE,Fall,Casual,Men,STRIPE,SLIM,COTTON
10840.jpg,TOP,TSHIRT,Tshirts,GREEN,Fall,Casual,Men,SOLID,REGULAR,COTTON
16925.jpg,TOP,KNIT,Sweaters,NAVY,Fall,Casual,Men,OTHER,OTHER,OTHER
8734.jpg,TOP,SHIRT,Shirts,PURPLE,Fall,Casual,Men,STRIPE,REGULAR,COTTON
13833.jpg,TOP,SWEATSHIRT,Sweatshirts,BLACK,Fall,Casual,Men,PRINT,OTHER,Blended
19999.jpg,TOP,TSHIRT,Tshirts,BLACK,Summer,Casual,Men,SOLID,REGULAR,COTTON
10814.jpg,TOP,SHIRT,Shirts,PURPLE,Fall,Casual,Men,CHECK,REGULAR,COTTON
5828.jpg,TOP,TSHIRT,Tshirts,BLUE,Summer,Sports,Men,OTHER,OTHER,OTHER
16314.jpg,TOP,TSHIRT,Tshirts,PURPLE,Fall,Casual,Men,PRINT,REGULAR,COTTON
3317.jpg,TOP,TSHIRT,Tshirts,YELLOW,Summer,Sports,Men,SOLID,REGULAR,Blended
10813.jpg,TOP,SHIRT,Shirts,BLACK,Fall,Casual,Men,CHECK,REGULAR,COTTON
38645.jpg,TOP,TSHIRT,Tshirts,WHITE,Summer,Casual,Men,PRINT,REGULAR,COTTON
19532.jpg,TOP,KNIT,Sweaters,RED,Summer,Casual,Men,OTHER,OTHER,OTHER
26116.jpg,TOP,SHIRT,Shirts,BLUE,Summer,Formal,Men,STRIPE,SLIM,OTHER
19955.jpg,TOP,KNIT,Sweaters,PURPLE,Fall,Casual,Men,OTHER,OTHER,OTHER
13661.jpg,TOP,SHIRT,Shirts,WHITE,Fall,Formal,Men,STRIPE,REGULAR,COTTON
10480.jpg,TOP,SHIRT,Shirts,YELLOW,Fall,Casual,Men,CHECK,REGULAR,COTTON
28844.jpg,TOP,TSHIRT,Tshirts,GRAY,Summer,Casual,Men,SOLID,REGULAR,COTTON
29157.jpg,TOP,TSHIRT,Tshirts,PINK,Summer,Casual,Boys,PRINT,REGULAR,COTTON
29701.jpg,TOP,SHIRT,Shirts,BLACK,Summer,Formal,Men,CHECK,REGULAR,OTHER
8154.jpg,TOP,SHIRT,Shirts,RED,Summer,Casual,Men,CHECK,SLIM,COTTON
20029.jpg,TOP,SHIRT,Shirts,GRAY,Fall,Casual,Men,SOLID,REGULAR,COTTON
16913.jpg,TOP,TSHIRT,Tshirts,GRAY,Fall,Casual,Men,PRINT,REGULAR,COTTON
18889.jpg,TOP,SHIRT,Shirts,BLUE,Fall,Formal,Women,STRIPE,REGULAR,COTTON
10822.jpg,TOP,TSHIRT,Tshirts,NAVY,Fall,Casual,Men,STRIPE,REGULAR,COTTON
9624.jpg,TOP,SHIRT,Shirts,BLUE,Fall,Casual,Men,SOLID,REGULAR,COTTON
9072.jpg,TOP,SHIRT,Shirts,WHITE,Fall,Formal,Men,STRIPE,SLIM,OTHER
40138.jpg,TOP,TSHIRT,Tshirts,YELLOW,Summer,Casual,Boys,PRINT,OTHER,COTTON
43312.jpg,TOP,KNIT,Sweaters,BLUE,Summer,Casual,Women,OTHER,OTHER,OTHER
19964.jpg,TOP,KNIT,Sweaters,GRAY,Fall,Casual,Men,OTHER,OTHER,OTHER
20224.jpg,TOP,KNIT,Sweaters,PURPLE,Fall,Casual,Women,OTHER,OTHER,OTHER
18628.jpg,TOP,KNIT,Sweaters,BROWN,Fall,Casual,Men,OTHER,OTHER,OTHER
